track_id,danceability,energy,acousticness,valence,tempo,loudness
4fUKE8EULjQdHF4zb0M8FO,0.451,0.673,0.0857,0.583,95.513,-9.115
2RnPATK99oGOZygnD2GTO6,0.705,0.515,0.365,0.803,112.035,-9.343
25yQPHgC35WNnnOUqFhgVR,0.311,0.325,0.0469,0.668,65.09,-9.042
3LtOmWpTXLhilL5odoKysR,0.632,0.471,0.313,0.764,121.672,-7.887
3pKKxkeB1pOUMHwWBmKc3Y,0.469,0.507,0.382,0.619,112.984,-8.917
3PjMtNzwhDHqxoKudm6GvF,0.381,0.214,0.944,0.393,127.581,-11.629
6W35n1UlkvqhfMZstB4BXs,0.526,0.413,0.338,0.71,111.874,-9.865
3Umg8CDhO8dOSj7yBTInYb,0.352,0.479,0.339,0.354,126.166,-9.965
1NrbnHlR2BFREcyWXHIHip,0.704,0.241,0.625,0.661,140.411,-13.258
6h9W5FxX4E9lUFsyq8j1AD,0.61,0.471,0.0634,0.63,87.379,-9.151
0xIuNHHcKI1JDuBPlSwzb1,0.542,0.618,0.0858,0.93,121.849,-8.876
42ocGQCOT0xYtV3f5kJDsD,0.653,0.889,0.0061,0.879,118.773,-8.006
0hKRSZhUGEhKU6aNSPBACZ,0.364,0.457,0.29,0.175,163.219,-14.162
2CQRYn5cTD2B9a1ONjhTN2,0.396,0.686,0.725,0.717,124.318,-5.607
4fJtDPJ2NiLfFfZfu8HyYc,0.436,0.434,0.119,0.121,88.872,-7.965
0VJZtH2OjNKskNegMVIzYR,0.598,0.553,0.565,0.356,116.04,-7.473
6gDRRyg6bSODdwbuUBupoU,0.117,0.243,0.0985,0.102,85.94,-11.335
2Bjic7K9fTNS8pYuMXq8Va,0.317,0.584,0.544,0.681,166.209,-6.245
3GsgJI1aBrvUtqX8f3MhKT,0.279,0.31,0.254,0.0807,87.872,-13.113
2ULL3VZf4WwBKO4vjwT7Bg,0.567,0.745,0.402,0.903,125.575,-5.423
6iGU74CwXuT4XVepjc9Emf,0.521,0.487,0.253,0.483,117.072,-7.525
5VsxBUyw0TRwVC7ja1CIBc,0.602,0.739,0.123,0.569,116.668,-5.715
3Ev5ATks540KaOFTjIH97S,0.52,0.75,0.489,0.652,121.082,-5.26
4CuO8TINNqM3D7aUdNQ3zG,0.22,0.581,0.513,0.445,186.427,-5.877
6CcgkjU9891S2S4lHKXaYh,0.628,0.768,0.0837,0.798,116.844,-6.406
5RSQKtG1KNwrzFMEePpjt6,0.402,0.426,0.775,0.641,75.866,-9.662
4ZSBGLE9j9buk6DXVSryBI,0.611,0.741,0.342,0.506,115.628,-4.408
2Gy7qnDwt8Z3MNxqat4CsK,0.392,0.629,0.718,0.72,124.511,-7.056
0SMo38XgNvaBTNKo7skEKt,0.424,0.335,0.268,0.208,88.465,-10.032
0mmNp0RzyHH5Svf1j3pc0W,0.615,0.538,0.733,0.509,115.027,-8.488
2DM11p648RhfSDY85d9ibj,0.131,0.184,0.245,0.0674,62.474,-11.84
2VQhc1Qo1pye020xrtOIVW,0.343,0.495,0.469,0.544,166.633,-9.317
699lerUa9A4Wfh9S3WJ4K5,0.33,0.242,0.118,0.086,87.452,-16.537
4BRkPBUxOYffM2QXVlq7aC,0.469,0.596,0.0101,0.783,133.586,-8.348
5GjPQ0eI7AgmOnADn1EO6Q,0.581,0.28,0.936,0.813,137.831,-9.091
2ylCrFiBu98SC0vFfaCent,0.494,0.47,0.21,0.698,103.477,-9.599
4RdJFhfLQcezwN5LsXl4qP,0.391,0.593,0.7,0.707,123.986,-8.999
2B4Y9u4ERAFiMo13XPJyGP,0.29,0.247,0.921,0.36,165.361,-12.125
50xwQXPtfNZFKFeZ0XePWc,0.604,0.549,0.531,0.696,111.398,-9.873
3VSuWxZM6x6V3ig5nYtikL,0.329,0.678,0.103,0.672,106.476,-7.878
7HTH1ppjkkOe7RLoBDKXYJ,0.77,0.496,0.719,0.571,117.331,-8.45
4KRgqwb4kvBuTz1utbYxfb,0.555,0.65,0.0067,0.966,132.59,-6.936
1kDkaFlmkdEZiVUogaP9OZ,0.483,0.351,0.783,0.713,81.208,-10.487
1ob06Ol8FMIPQgjpg7bMyk,0.394,0.64,0.164,0.574,164.626,-8.992
7orb0y6ySGdsYZywMoQtsD,0.493,0.525,0.182,0.449,127.492,-9.289
3tGhRLgcCP6SIZU3tbGl7l,0.521,0.524,0.42,0.711,136.679,-6.136
00oZhqZIQfL9P5CjOP6JsO,0.38,0.829,8.4e-05,0.0534,125.887,-6.105
3AhXZa8sUQht0UEdBJgpGc,0.482,0.721,0.731,0.557,95.263,-6.839
5JqsRFZYDtIK5Rgeuzd2Jv,0.504,0.808,0.408,0.653,123.866,-7.25
2yaf46YMxA5y6bzmWUKgXC,0.493,0.579,0.772,0.475,93.353,-7.743
6txGFpco4cfgG1sA1MxLCp,0.287,0.72,0.756,0.709,176.302,-6.231
0f5N14nB8xi0p3o4BlVvbx,0.473,0.574,0.695,0.499,74.056,-8.189
0c2DAekH6ZEnHhf8dM1leK,0.369,0.691,0.778,0.382,104.371,-6.234
6os5B6xjuke9YfBKH3tu1e,0.49,0.808,0.475,0.604,73.434,-6.725
0V1771LhL3tG36pb55EZAH,0.497,0.511,0.702,0.591,99.5,-8.318
4n1ZGm3TxYmoYe1YR8cMus,0.432,0.605,0.673,0.647,109.227,-6.941
06ypiqmILMdVeaiErMFA91,0.754,0.571,0.0173,0.82,122.463,-8.547
1H7gMYGykdtwZOV6s1N0by,0.425,0.369,0.183,0.65,176.625,-11.876
4LLBKnNCrSRrSjSTuiwjE9,0.488,0.539,0.136,0.473,115.941,-8.752
5SUlhldQJtOhUr2GzH5RI7,0.534,0.624,0.00797,0.687,121.402,-9.589
64bKVrkaXQAKx04dLHqCNz,0.529,0.567,0.0124,0.799,130.544,-9.796
4GBaPHvAyj4V2jeobD9tsy,0.59,0.641,0.00682,0.792,120.773,-9.687
5By7Pzgl6TMuVJG168VWzS,0.578,0.29,0.652,0.666,117.403,-12.501
19QXdPRZFHI5kNK3tN8Mh7,0.67,0.776,0.0168,0.765,96.93,-10.035
6tQvjqDIK9GXWIC6mejms8,0.699,0.294,0.587,0.893,96.615,-13.205
5E3BVY66TEDexFutOO5GeS,0.667,0.498,0.00772,0.774,85.843,-11.027
3KfbEIOC7YIv90FIfNSZpo,0.688,0.435,0.449,0.435,103.239,-11.359
0CGbof9amBnsNlRhZ8IY2H,0.552,0.487,0.0175,0.657,127.201,-10.574
7C6hdDIz90Uf5YmdZnYbJJ,0.492,0.755,0.00748,0.796,127.387,-9.273
4gUYV3ktbaOeAK5KrXMWV5,0.563,0.705,0.0103,0.822,176.732,-9.232
4cgLt753cDfsBAbpOcGnZi,0.552,0.762,0.133,0.812,101.655,-9.793
0lz97gXzH4DD822L62kLeK,0.48,0.78,0.499,0.498,98.32,-10.99
0oQV9CKXruLbVUTn76eBnr,0.542,0.436,0.933,0.795,109.951,-12.844
3KAbXV1OSwthoke6BqR0y5,0.285,0.652,0.479,0.686,108.395,-10.413
1J3WjiLbPAdW0mSBTxoHQF,0.51,0.836,0.477,0.628,100.042,-11.118
4WaiTpMvsv1zgiEkVHw1Sn,0.595,0.632,0.675,0.655,93.893,-11.925
6FQZnK64Y3jGmMHkhV9gWo,0.588,0.606,0.336,0.665,113.542,-10.167
5fFDpE3pw7rHLSl8N3tj75,0.277,0.231,0.796,0.155,76.188,-12.975
7BkWM4XInRQJJI9HXjvPVB,0.692,0.676,0.762,0.881,94.128,-10.657
42o3gy9e8dzBHvQE991ad8,0.485,0.943,0.0639,0.889,141.982,-4.423
0SojSZcka4j8l8Sl0W9jUZ,0.548,0.952,0.118,0.906,98.04,-2.958
3u28KPrRmJiNC39Fm3tZVe,0.374,0.787,0.69,0.763,180.496,-7.054
3NDEunNz7GMb6SkkPYTvd2,0.53,0.691,0.374,0.581,117.046,-5.409
4hq0S6wznq7SHDyMOFXL9i,0.615,0.91,0.5,0.77,111.013,-4.248
1hJrWWK74fKL7eeV3CFOvF,0.477,0.74,0.502,0.56,107.384,-5.397
5SiCTf5r1cVjQXAXB2StpS,0.454,0.766,0.664,0.776,90.677,-3.862
60OdLDvZpHe4kVDYwNtYh9,0.498,0.728,0.65,0.609,174.33,-7.387
05BcisbhFsmVpTZ0kGD7gK,0.471,0.843,0.636,0.632,156.695,-5.702
0rucXTNGt4BHpAjNR5d0UF,0.555,0.897,0.361,0.965,131.712,-3.469
7wSVa5dSpjM62zrF0WsMVQ,0.517,0.781,0.65,0.742,119.364,-6.33
74mpiRPDd2rFeBR1Yl60I3,0.618,0.678,0.6,0.79,133.453,-5.199
22OTrlQy1sXdtdo1VgDUZb,0.654,0.542,0.689,0.877,78.015,-14.696
2u63axjx9VKmFfQNqmpi8a,0.352,0.656,0.869,0.363,76.121,-5.721
5GHKbjIY0gTCqoY5aruDDc,0.519,0.973,0.39,0.822,140.221,-3.044
09eg3FGzsZQbZk8qEXhJIA,0.522,0.891,0.509,0.91,104.411,-4.085
1iii3DosaivkmvUDmhZhCP,0.365,0.839,0.522,0.575,81.772,-5.148
7faybsF8gIVvWtAp9hUcI2,0.337,0.919,0.183,0.525,114.748,-3.94
5jzma6gCzYtKB1DbEwFZKH,0.651,0.801,0.123,0.776,133.769,-7.34
7FYkZkF9fog6WS818wJnhl,0.52,0.906,0.0196,0.868,151.608,-6.534
06JxwPA4WAg0LWADJtaldL,0.528,0.397,0.00562,0.579,128.475,-12.024
2FNsNZjUQg3bhx5dWW0pRs,0.594,0.86,0.0119,0.672,114.09,-6.723
4W9zZsQKsqikYbKM9vcN5Q,0.636,0.684,0.00312,0.684,96.989,-9.37
6wtmql7FJ7SSLuSw8JD8rX,0.609,0.799,0.0458,0.77,149.046,-7.902
33GXePBlErinst4NjAvWuc,0.555,0.806,0.0611,0.832,140.676,-7.534
72boGlgSwUK01n44O2tOCv,0.608,0.634,0.0568,0.84,147.515,-11.24
66MwdlxiFMZ8TJGLEJnS7x,0.676,0.723,0.06,0.884,145.336,-7.61
0jnFDxgNhS156vu6roUVco,0.74,0.613,0.00494,0.676,96.491,-9.487
1bzfgbLPF3XTyDhmvoQ6uH,0.491,0.734,0.0129,0.885,148.275,-8.077
3lUVy400HL94NB03paDTyN,0.679,0.842,0.0572,0.767,137.589,-7.28
1YvbtzUkXtgotCTo6QeqkW,0.496,0.73,0.0728,0.918,162.314,-8.009
2zAwL5UwmqIh3JoKVkFvd8,0.487,0.76,0.22,0.508,143.404,-7.743
4A8jvQQ5EnKlTJIirMhgfA,0.555,0.697,0.0289,0.902,127.303,-8.615
2X89n7LOYnkKzfIlvi8sRp,0.467,0.917,0.0585,0.813,141.068,-6.813
1eijsmCG81EUB5YGGAz6Yv,0.498,0.851,0.00751,0.846,137.635,-7.251
4HNkcbObzBZnIlxB49GgrC,0.638,0.702,0.00298,0.849,158.441,-10.341
6ITuEsxEy2qPhqMowdDAeI,0.762,0.722,0.0922,0.966,122.769,-8.712
7BkAlVpGwXXl3sYNn5OoJ7,0.556,0.592,0.458,0.587,94.887,-7.378
2qTvEdNY21mL9whUJot9Oc,0.492,0.646,0.686,0.693,104.394,-7.702
2rslQV48gNv3r9pPrQFPW1,0.59,0.484,0.321,0.652,93.428,-10.424
40GFPBolcy0yucApV9uxq2,0.431,0.626,0.547,0.762,96.494,-9.46
7tJQ4Ekp2vN3NlI3vJJW3v,0.509,0.68,0.36,0.802,99.924,-8.354
1NYTj6JEw3IOh4ggiBh82h,0.466,0.747,0.301,0.628,135.527,-9.882
6aeOSY6fPsvGTzyXi65pNY,0.572,0.592,0.304,0.968,97.475,-8.639
37Dl7jQMmt0gUnzTKqnjkN,0.563,0.441,0.773,0.468,115.168,-9.902
2SbnSPLltgmScvZVI0OcRF,0.598,0.885,0.579,0.96,111.89,-6.904
1HgFg4pCJO1tX1uh5NMALx,0.367,0.392,0.249,0.43,121.661,-9.745
08TyPDbQ14NOoOWh13WJ2Z,0.565,0.738,0.223,0.806,134.109,-7.526
4i4oDSWluhViEzuYIZYtmJ,0.365,0.508,0.0793,0.623,155.741,-12.103
74z9AsqO74WCnX3BlvbGAL,0.352,0.856,0.296,0.704,189.846,-7.132
4jdtLLyEL7wY0TlCdMKhxq,0.301,0.385,0.604,0.275,171.836,-10.755
0h7N5rOgTT1rSwLoj9f3Bk,0.52,0.824,0.509,0.753,146.773,-7.092
473McZs08uo5AIimJyAelZ,0.542,0.699,0.628,0.827,138.383,-5.829
5JCbyeGTxbxMRZICQ0OkZO,0.554,0.772,0.599,0.969,135.849,-6.123
0qsS2A3hwicJCLtcaR6JRQ,0.308,0.895,0.389,0.902,150.109,-5.157
5Qe7NHxeLAn8KoLTNLSdwe,0.496,0.703,0.525,0.936,130.915,-6.905
2D2u93x695mLEvAoCJZ8Yl,0.387,0.551,0.2,0.903,155.209,-9.643
0IqGdE8K3AguQWVEZ6wEV3,0.451,0.62,0.279,0.84,172.112,-6.877
1E4FcSqQs7U2RTebCNaYRH,0.59,0.798,0.154,0.762,138.453,-6.91
5BZshzyuOfIGxmVt6RK7vn,0.764,0.322,0.63,0.625,113.35,-10.987
1kN5RXxIYrSbCgO8ke88rV,0.656,0.616,0.407,0.781,138.655,-6.909
4gxs9En3aoaOm2J5wNMMm9,0.588,0.811,0.339,0.802,89.862,-7.299
55RzZKWf4ICmLH4ulzkXNG,0.523,0.846,0.0387,0.734,123.391,-6.655
3iD2CCv5bsJRIaqJRYD0uJ,0.381,0.162,0.88,0.345,96.744,-12.44
2hOC9qItvmSkgMnxRjgPSr,0.554,0.742,0.205,0.746,94.969,-7.098
7oNt2nOzTTMCSMbIKP2inQ,0.395,0.362,0.195,0.387,184.294,-9.601
7LNiAjyg9P2GKINTtN6Yt8,0.381,0.608,0.113,0.742,106.299,-10.061
3hNUYt4dMM9RhcWmty8oKF,0.641,0.722,0.117,0.698,137.732,-10.553
1U9KXf8iMIHzNnG0Zb0Mzr,0.752,0.567,0.016,0.846,122.469,-8.635
35qzUISYKada65IDfoeOLT,0.43,0.386,0.173,0.654,176.535,-11.033
3NRXwFqPsmFe2dpIrT8CzK,0.534,0.628,0.00903,0.725,121.373,-9.308
4vLYewWIvqHfKtJDk8c8tq,0.532,0.151,0.706,0.211,136.759,-17.266
2x91iJc0UkFcjRMEZ2CoWB,0.639,0.186,0.704,0.498,128.375,-15.831
0aWMVrwxPNYkKmFthzmpRi,0.421,0.0162,0.808,0.154,110.479,-25.358
5o3DSHw1ORhM3lWxqGRvEf,0.499,0.149,0.771,0.363,139.815,-18.305
6dRx7OUXfvosnXG3g9lWGi,0.348,0.0219,0.899,0.225,178.698,-21.065
4QrQ1zC1UJW2i3GKbDeNTT,0.451,0.0275,0.916,0.242,130.777,-19.576
0OYCtl0lZeteFq2sIZbCHf,0.541,0.0337,0.676,0.397,128.019,-33.163
3NOweI7UeWPF9PzgEsiG78,0.607,0.0847,0.652,0.667,63.956,-24.115
3FdeddUjZryl1JW2DbzR0x,0.507,0.0624,0.724,0.645,128.513,-25.232
7aYP6U6rAhIzNx1DxDnBxv,0.34,0.0394,0.793,0.268,82.242,-39.198
7BcUaElEzhmBeeIRTN4xdW,0.0,0.00767,0.835,0.0,0.0,-43.886
4S0JzmCCQjaRjbPfIF6JV1,0.371,0.0123,0.718,0.0366,100.609,-35.068
745roqGwMrDnjNO1S3Q5ex,0.447,0.0294,0.091,0.528,128.469,-38.763
1p9HpuOBxEWQkD7UVJpj0b,0.467,0.0048,0.0995,0.084,54.314,-32.798
7FA0qrw667jTZR3wNcITQE,0.437,0.164,0.541,0.365,138.277,-34.071
0tUq1zaYNoV6ZiYRU2bjqf,0.445,0.304,0.742,0.362,76.74,-12.261
6YCAJqpG0uSZSwidZODdjW,0.624,0.131,0.844,0.396,110.614,-14.532
4zxd4tiXPlWMqoJltbVTbE,0.47,0.144,0.912,0.243,84.787,-12.824
66vrjgMvWOLyeKBuMGA0Cz,0.655,0.441,0.698,0.668,106.396,-10.355
4lcVPIWSWPB7F1emLGz1Tm,0.642,0.179,0.862,0.534,110.612,-13.597
11607FzqoipskTsXrwEHnJ,0.506,0.442,0.0869,0.532,105.826,-13.268
3fElupNRLRJ0tbUDahPrAb,0.679,0.645,0.032,0.826,125.844,-9.765
3PG7BAJG9WkmNOJOlc4uAo,0.55,0.145,0.913,0.138,103.918,-15.753
29engDqjmMr3VLqMm0c0WE,0.225,0.618,0.00137,0.567,144.724,-9.922
2J8Mbdpem8CiSZKRoZOIeG,0.458,0.714,0.69,0.49,143.818,-11.065
1mL6q0gbifm2dBTvMBx4px,0.329,0.499,0.0455,0.132,93.508,-13.7
5by3w3NXvwDpV9FBSOR35u,0.201,0.777,0.304,0.235,145.733,-10.167
7qOVMMY0couqt76ObwY947,0.486,0.587,0.0448,0.856,124.422,-8.336
4PINSJIlBWsnVeveicq1S8,0.609,0.295,0.176,0.279,108.976,-14.933
2g4LWy7YxrbWYA2RJP8nFk,0.36,0.475,0.646,0.36,121.355,-9.891
1NbgM9deOElsjyWeAmP1qg,0.311,0.84,0.000674,0.545,79.038,-11.068
2EqlS6tkEnglzr7tkKAAYD,0.533,0.376,0.0302,0.187,165.007,-11.913
0pNeVovbiZHkulpGeOx1Gj,0.396,0.338,0.198,0.377,133.522,-10.872
2S8xyNRJX1XQdo3qnTuovI,0.764,0.426,0.629,0.726,131.12,-11.045
2mxByJWOajjiVsLWjNXvDJ,0.422,0.656,0.0126,0.549,173.93,-8.412
0suLngfo7rJoetk7Ub6N8l,0.626,0.512,0.155,0.73,92.225,-9.15
3Z25k4ZF6QENy2d9YatsM5,0.37,0.515,0.0233,0.42,115.732,-9.487
6dGnYIeXmHdcikdzNNDMm2,0.557,0.54,0.0339,0.394,129.171,-10.484
1rxoyGj1QuPoVi8fOft1Kt,0.328,0.249,0.754,0.162,81.257,-11.777
1jOLTO379yIu9aMnCkpMQl,0.335,0.416,0.345,0.223,174.464,-11.051
4nwKdZID1ht0lDBJ5h2p87,0.483,0.177,0.284,0.192,74.994,-17.629
4JOyMhad5dD81uGYLGgKrS,0.676,0.596,0.0699,0.97,100.687,-9.107
1FTCA6wQwulQFokDddKE68,0.474,0.939,0.00472,0.499,166.829,-8.884
2jtUGFsqanQ82zqDlhiKIp,0.53,0.72,0.00376,0.69,80.652,-8.793
01SfTM5nfCou5gQL70r6gs,0.419,0.152,0.326,0.239,80.608,-12.126
5eZrW59C3UgBhkqNlowEID,0.543,0.458,0.226,0.704,84.319,-8.976
5aHHf6jrqDRb1fcBmue2kn,0.647,0.487,0.00101,0.222,123.444,-10.119
6UCFZ9ZOFRxK8oak7MdPZu,0.703,0.215,0.728,0.522,100.874,-23.03
6Vcwr9tb3ZLO63F8DL8cqu,0.421,0.661,0.414,0.554,100.965,-13.126
3wAX3qn53iQUFE84hpfeen,0.409,0.264,0.665,0.355,137.16,-16.273
1U0OueoBA6vNNhrqCvdNOX,0.431,0.371,0.354,0.517,95.824,-17.166
2e4RcQohKWo8oZIUfjxiGo,0.209,0.979,0.143,0.219,147.9,-4.791
21MwEJ8tHezcPy77BaELJ6,0.157,0.989,0.0324,0.196,157.609,-5.065
4GtIKUB1Q5O65ofahYPRfX,0.286,0.961,0.0315,0.592,164.291,-5.743
2Hs7YqZwFEPIxRTnqtrHvP,0.343,0.962,0.00632,0.312,149.067,-4.984
4AqfCW0jMeByTMZdoqHlH4,0.231,0.968,0.00467,0.195,154.447,-5.322
6ui6l3ZNvlrGQZArwo8195,0.274,0.908,0.00103,0.483,148.246,-5.419
0PgpDLsbk8wnYpgMCynGLz,0.347,0.922,0.0667,0.532,144.004,-6.523
3LoDeIbiR12sAznmpNEmKA,0.323,0.978,0.0422,0.168,134.222,-3.841
6jjASY7DtqLdM0zJbAQcnX,0.363,0.873,0.0179,0.559,122.887,-5.216
2mKj8Em0GLFu8I78yM1CfU,0.258,0.932,0.0467,0.334,145.582,-5.194
1sRWDB2Db5mZVealHeNYJt,0.365,0.943,0.0121,0.581,137.572,-5.154
6FAF8l0j91yX6SwkQNhrm7,0.197,0.954,0.00502,0.475,145.102,-3.687
6ToM0uwxtPKo9CMpbPGYvM,0.421,0.751,0.2,0.789,89.839,-9.584
2Xdc6qyaFBJZ8QW1KhpVci,0.679,0.443,0.33,0.609,115.843,-7.376
0gWvVB4bGvADocoPMEDy3K,0.313,0.42,0.797,0.339,178.711,-9.806
7mc2TP4Vzuyw2vNf1bLW9f,0.583,0.675,0.316,0.693,114.208,-7.126
0JNZGIavoUrdup1NsgJOQs,0.568,0.645,0.543,0.901,170.676,-8.363
5uvosCdMlFdTXhoazkTI5R,0.413,0.725,0.369,0.44,124.618,-5.787
03By6gD02qhtvIQiK8KidK,0.476,0.612,0.287,0.909,177.233,-7.01
6vCLIvOIabRk1XQfMb6RXi,0.396,0.707,0.0257,0.843,148.814,-7.989
09ezgACZuwWZt6CtQSSLRG,0.41,0.218,0.902,0.0755,72.081,-12.544
4pxHVL0syMQwYK3BxDaTIs,0.414,0.554,0.00243,0.531,149.244,-7.68
5UgT7w6zVZjP3oyawMzbiK,0.347,0.302,0.163,0.0332,105.702,-12.104
574y1r7o2tRA009FW0LE7v,0.592,0.0195,0.361,0.0313,119.504,-33.35
2ctvdKmETyOzPb2GiJJT53,0.431,0.373,0.389,0.253,128.153,-15.142
73OIUNKRi2y24Cu9cOLrzM,0.389,0.563,0.65,0.134,165.393,-21.191
3TO7bbrUKrOSPGRTB5MeCz,0.359,0.48,0.521,0.355,120.285,-11.79
2TjdnqlpwOjhijHCwHCP2d,0.274,0.217,0.767,0.181,116.334,-13.814
0vFOzaXqZHahrZp6enQwQb,0.468,0.536,0.024,0.785,126.256,-10.422
1TKTiKp3zbNgrBH2IwSwIx,0.357,0.302,0.862,0.135,72.518,-14.526
6FBPOJLxUZEair6x4kLDhf,0.277,0.672,0.197,0.505,150.587,-12.582
05uGBKRCuePsf43Hfm0JwX,0.324,0.265,0.0732,0.208,133.568,-13.398
1tDWVeCR9oWGX8d5J9rswk,0.359,0.577,0.0589,0.141,68.064,-10.804
272Z4tzaSMMcgrZ0R494S2,0.422,0.814,0.118,0.411,147.065,-7.365
6zCBk93V8M7fPriZj9i4dd,0.86,0.6,0.229,0.779,142.195,-9.103
4UcCvuacrweynfWohap8NR,0.396,0.31,0.622,0.225,133.862,-11.324
1wP1qnWy0cZWxnbWkzf9La,0.343,0.718,0.0585,0.452,77.772,-7.632
0iI8LriXKjg47IxjNCWuwz,0.687,0.555,0.495,0.821,118.285,-11.461
5UoBmpb4VHNBbKjxmL8WGe,0.38,0.535,0.21,0.328,143.592,-9.127
0KkXMzaRaXL8AyChkWbYCx,0.477,0.654,0.121,0.571,148.143,-10.408
1s20rDPeaWhdDRZGVXOlb2,0.478,0.078,0.876,0.105,120.754,-16.979
3tlIFVwnp2lRfjRaSYxtT0,0.356,0.965,0.357,0.332,115.773,-6.257
2Gm3IpOsWVU4KE5zByJ5lE,0.304,0.923,0.603,0.382,149.125,-4.905
2D3HfAqy0vPNg18h5OGJ5B,0.662,0.657,0.203,0.438,123.995,-6.847
16Mv1ceLVVggvNxBiHBQ2m,0.396,0.597,0.7,0.239,135.373,-6.689
2THxr18XpMdpHB7dM4sG5p,0.294,0.841,0.766,0.0661,97.369,-5.027
2gnscfzU8qN5D0yxMeH4cH,0.599,0.77,0.369,0.572,117.558,-5.314
35j1EQS5Qy3jTkhP9n9Nc6,0.393,0.44,0.712,0.186,152.542,-6.903
5FgMmwwET9HwiLO1CNKxaa,0.35,0.683,0.498,0.394,154.981,-7.59
30HnQldRdAg1UAX4CGWXyg,0.305,0.367,0.876,0.295,64.525,-14.974
54RMOJCF0kQ8FpXZcivxhV,0.22,0.907,0.0167,0.279,97.095,-5.892
0DdHuzYuo9vpF9F7T6CsgO,0.518,0.649,0.834,0.529,132.333,-12.781
2e80bWYxAGIUO3HFklUBW6,0.64,0.386,0.877,0.873,133.76,-13.829
6KwHMEjChuDsaTtnv5xntA,0.757,0.565,0.865,0.967,136.466,-13.777
5W313wSaCL6Tp0SZuvjkdA,0.466,0.135,0.908,0.496,119.681,-19.083
5IP0alz84x3MGmg4IuXggH,0.573,0.255,0.888,0.876,172.803,-16.105
61kb2mR3pXl43ALuoEQlVW,0.597,0.241,0.913,0.741,179.53,-17.264
3G23KWXfqo9zDH85dfcdOX,0.855,0.367,0.748,0.885,122.224,-17.743
4OEMFscrXttHu6VEk11ZBD,0.405,0.0787,0.973,0.506,81.044,-23.399
3zLmmL8Za4DbSKMXW65aA5,0.592,0.252,0.729,0.891,175.069,-19.604
5Go9opqXfZKh4sBAuoxbaq,0.824,0.464,0.791,0.921,109.603,-15.272
64ihTS2BPXI00Jx8NfSfDJ,0.868,0.45,0.813,0.955,107.462,-15.588
4vb2A9yZnOGC6Zl1yx6iBL,0.573,0.229,0.88,0.838,158.75,-17.241
5oL7AbricD85nfVbpWiQz9,0.8,0.21,0.919,0.56,119.441,-14.863
1YKxDpbjyjHROsxcllqqtR,0.716,0.405,0.824,0.968,121.773,-15.598
12Ip6aNi34yS7U5xN2WJRF,0.737,0.126,0.938,0.803,118.063,-17.863
5b87LELGjkjWD2uQIWOAJj,0.623,0.641,0.784,0.923,140.013,-12.892
68tUSF4R2dYOyGL2N2HDBC,0.557,0.424,0.925,0.963,176.96,-15.006
1RBeBxvaBlJTvJ72Ejc3Um,0.683,0.103,0.853,0.668,121.803,-19.202
1gJX8XpQIeamJYlVIaBkNQ,0.818,0.141,0.758,0.688,112.548,-23.099
11VQb0HsbyWM0Ha6yCJlWK,0.701,0.521,0.812,0.963,136.505,-13.315
2sevvnMrqH607r5lwk3kFT,0.775,0.559,0.108,0.804,122.229,-8.377
5rPnv4gceOGKCqbN06F2aJ,0.641,0.657,0.276,0.602,78.132,-9.354
6ZXmTH4DpP07a2TvHx1EF9,0.913,0.724,0.372,0.748,103.33,-8.527
7vggqxNKwd6xdRoYS0pQtM,0.825,0.494,0.00974,0.626,74.103,-10.486
0QyBdoz2JktWEo111DBEx9,0.93,0.462,0.128,0.777,124.065,-8.643
0q5giEtY4wsFTwjWqswLwx,0.797,0.574,0.229,0.814,78.183,-7.268
4FNm4ZJaUVLDCMXcqwS6zY,0.751,0.463,0.642,0.926,150.191,-10.96
1efuoLEUL1K0D96d63svRO,0.824,0.522,0.0159,0.581,126.238,-8.567
2BSwGHTh4kmckqXQfaCaAp,0.73,0.508,0.0716,0.936,76.494,-9.575
60e5PcqGmlVFQ0HHgUagCJ,0.797,0.644,0.338,0.706,96.87,-9.253
1waOqfmEVkVC8WhaIP6uGI,0.838,0.453,0.025,0.815,78.837,-11.536
7MKcM6TfaGKQVFfhstCbOw,0.666,0.259,0.585,0.698,116.082,-10.721
6dzrCHBBKutQezMkeWaOEY,0.781,0.412,0.00294,0.449,127.968,-9.187
5MRQvbpvXejJJy0OWciP8G,0.865,0.746,0.0329,0.961,132.846,-8.58
4aUCPal9bxTnQkEfdIY6sG,0.941,0.462,0.129,0.758,123.674,-11.029
1WgOedf4pKmgepml1CMW6o,0.812,0.638,0.0219,0.905,135.165,-8.116
0CLbmkYmQIWiEwnsbOkLpd,0.37,0.586,0.485,0.519,121.573,-13.468
7unF2ARDGldwWxZWCmlwDM,0.341,0.57,0.581,0.392,89.754,-11.71
0jHEixPAoSopOP75j2iTX9,0.4,0.616,0.546,0.455,98.06,-14.026
5FLQmLjjeNIuC8U5mDnXC8,0.381,0.313,0.897,0.376,127.106,-11.852
2oarlR10iB6zYUu8k4XoNp,0.241,0.734,0.974,0.244,57.691,-10.287
5BiuxSuxOZ9CcQ6SqICsDv,0.783,0.933,0.0176,0.777,110.182,-5.213
5k8dJvnLKfv1YN9W3bO79x,0.873,0.688,0.00968,0.823,98.425,-5.856
7e9BPg0oUL8wGRpDZCFf5t,0.795,0.857,0.0159,0.765,107.702,-6.5
14uhhAByvx2F0y6kRkKJ0i,0.65,0.872,0.0195,0.626,100.598,-5.406
4D8b4ibpEboE0SLvwnPe6X,0.767,0.807,0.00894,0.489,100.547,-8.58
5vPGvj5TkSehKPmwJysA4L,0.764,0.901,0.0573,0.654,99.352,-5.288
1TRaXveEPRDcfq36tcJTE0,0.848,0.894,0.111,0.738,116.854,-5.574
3AfTCDoSCXs1Ng1gghNznD,0.53,0.98,0.0979,0.362,107.761,-4.239
3bZEtYBYJahicQkLAqg4Am,0.379,0.943,0.0114,0.753,193.092,-4.69
64850mXUPMByArvFTYFsDf,0.76,0.911,0.0551,0.667,105.583,-4.965
3XwsGAtbEoBUzJfFmHSHSo,0.799,0.922,0.116,0.778,90.885,-5.088
18YFwSxTg9nhB3Xk5IQFUA,0.769,0.857,5.54e-05,0.165,97.6,-8.939
1JJ8D0KE144weLOGrjqJrb,0.783,0.878,0.00502,0.634,99.811,-6.481
3s3n2yEQrRFIZDrKnpHJvV,0.79,0.927,0.0655,0.785,100.286,-3.867
0GeHyuLsR39CxwqxdMVKaN,0.769,0.818,0.00144,0.701,108.664,-6.877
5jcqqoETBC4kySNGYbo60Q,0.881,0.881,0.00915,0.634,109.285,-6.55
3yms4Ypcqyal71lPkQ2Yex,0.928,0.828,0.00106,0.521,109.283,-9.371
2eSqu6ma6BRY13ruzeNTqy,0.732,0.577,0.495,0.816,80.575,-9.648
20xyWZTCwavJw7trff9O1I,0.554,0.582,0.000887,0.639,98.585,-9.048
6l8EbYRtQMgKOyc1gcDHF9,0.149,0.206,0.822,0.264,79.764,-13.888
1eN42Q7IWRzRBq8eW2Y2TE,0.33,0.214,0.836,0.275,147.795,-17.699
6QhXQOpyYvbpdbyjgAqKdY,0.755,0.876,0.357,0.954,102.762,-8.867
4uIjNF84ZbteunNMxr4Xc0,0.473,0.743,0.111,0.622,135.624,-7.073
4zYloXZV6NwiwXenBTc9DI,0.531,0.184,0.955,0.218,109.843,-18.271
76TZCvJ8GitQ2FA1q5dKu0,0.439,0.488,0.702,0.629,93.017,-14.464
5Bh8l8evdBSIoaK6EP1bWI,0.445,0.68,0.378,0.75,163.664,-11.338
5MbXzXGbqobR8xPVPs8OXA,0.411,0.381,0.13,0.524,76.963,-12.361
0nNI8eyMjDGjPDuQq87aJb,0.745,0.771,0.355,0.932,117.209,-10.067
1tk4uuDWxk0DTx2X5rGSxe,0.431,0.963,0.177,0.637,152.527,-7.823
5t9rkF7g7zIU1NFyrSJaQl,0.3,0.135,0.907,0.431,152.945,-19.696
3Pl49zzZ8Dmy7EEaRSRkvB,0.777,0.43,0.485,0.697,98.315,-7.447
7G5FWH81H6qM8zL9AWVl3B,0.676,0.469,0.621,0.766,100.4,-10.474
33u6xmMvhuI29rftBhJwbM,0.771,0.357,0.105,0.869,97.956,-9.917
25YDG7KG20YCGh42Hf4fCq,0.817,0.461,0.198,0.885,93.957,-7.781
2pYCyEwJ0xKnWbuQkqNHgp,0.825,0.43,0.296,0.738,99.753,-10.879
43YXZFad8aVLWojvBLZ62V,0.733,0.411,0.502,0.577,101.54,-9.192
04aqUZa6iLLzRoK5eEb7Zh,0.796,0.474,0.162,0.522,112.297,-8.58
1eA2hNeLFV3zrZIrupQhSq,0.689,0.512,0.207,0.697,106.795,-8.917
6a2AztTkOImGRfT3NmUdoY,0.616,0.542,0.152,0.83,95.62,-9.399
3ZzlW5lzXyE0tnsVvzxzZu,0.702,0.528,0.0947,0.962,115.148,-8.673
37D0tkVI7OqeOK6jURh08u,0.544,0.201,0.933,0.334,69.041,-11.357
4dae1XXONMjfvtl0T8SpmO,0.817,0.189,0.787,0.566,127.846,-14.537
4b4CsR0rR6yE3FMIBUM0r6,0.516,0.116,0.952,0.329,100.428,-13.097
4Ydrqcq9h4KV3djKS53lBy,0.432,0.478,0.769,0.743,201.673,-8.509
0gJy0lMFXOcSrwfjkbeZkA,0.647,0.258,0.856,0.719,113.888,-10.03
36fK4hmMDgBO79F0OYK1dZ,0.478,0.22,0.795,0.435,94.793,-10.021
4Qrj3AcjQ4fdokLmOmadEP,0.789,0.513,0.824,0.882,76.753,-9.055
5SYH2XlQwucVdEGmBpNHZ6,0.451,0.386,0.742,0.605,182.672,-10.528
4WkeZDkgFaN6YNuYSb3uUB,0.565,0.962,0.437,0.906,148.808,-2.981
550YPFm7nQINqWYXHcqYsK,0.484,0.232,0.818,0.41,180.63,-12.024
2fHQdlpQd4lA7YuBUKmWyW,0.377,0.209,0.864,0.536,175.8,-12.585
3OzoWfmJE9jPC1OLYiNR3t,0.393,0.194,0.831,0.695,73.75,-12.938
2BRWj6o8OhM1OD1RYzwi35,0.719,0.144,0.854,0.743,120.221,-12.496
4dXoBidwrK4i9zFCsgBSRn,0.421,0.0751,0.888,0.318,64.862,-16.431
6e3umwTyBYbymEmNmIizMB,0.489,0.162,0.97,0.391,176.098,-11.437
34LkbYqnC5xlV5mqtIn8Dk,0.802,0.109,0.895,0.39,88.759,-15.683
6wQnrHW6k4YW8Vu6oQz0hE,0.673,0.224,0.828,0.464,115.757,-12.043
5KQ7azQIzKeIb2jgc7pEhr,0.556,0.61,0.833,0.665,199.373,-4.729
4ndweLDEqp8tpApNLQwogk,0.638,0.308,0.844,0.672,163.956,-13.874
55TMh3hwoPkVqXSeB9ra0u,0.584,0.11,0.907,0.369,129.765,-12.535
4O958xeV2blAhD95Qo24nc,0.659,0.487,0.763,0.733,104.867,-6.656
4Ls0zLUccPv9o0G4Uio503,0.691,0.736,0.713,0.942,104.114,-6.716
6o2SHmtYja1oWs42tbvTWw,0.713,0.582,0.584,0.689,120.316,-9.337
7v1GxlbFevo4kLJGZf8aAZ,0.696,0.289,0.831,0.731,93.346,-8.684
1xsBkzv2XyU9TYBmUjWST2,0.534,0.345,0.86,0.619,81.513,-9.013
3htVOUt4zoFthJhqtJMGTo,0.545,0.714,0.675,0.952,94.784,-5.659
0mN7usMZ6ndPSIl545pPUz,0.358,0.845,0.719,0.954,175.44,-5.654
2NJbNGljm9WXqHGKY5MnrE,0.704,0.667,0.767,0.8,84.711,-8.171
7LSGjWtza5Y8itm6Cpbj1s,0.358,0.0378,0.914,0.243,82.755,-17.541
3OeX4IyrnpwkElW5iS8leo,0.706,0.656,0.829,0.947,74.809,-6.853
0uwIU1JDQtZl3tLVKVWU9y,0.395,0.115,0.953,0.242,101.254,-10.11
4MO4IrAvsZu1aSlAVnYxWb,0.664,0.664,0.322,0.883,166.85,-6.802
5caqO1K2U3nJask9OEjO47,0.405,0.464,0.838,0.89,86.889,-7.442
28IpgzF6DTq4SwoojEKsfD,0.699,0.127,0.721,0.383,123.204,-18.988
7pW9Wj1U4t19HKlvxM6Pzw,0.637,0.466,0.65,0.793,126.41,-10.172
1P2J3XkZeKXmigjPFZGg2D,0.442,0.791,0.477,0.697,107.762,-9.031
4aNsobd4PiU7PbXAk1HK5t,0.437,0.195,0.922,0.198,111.152,-12.268
3Wc4tanbT3laxY3dweuOib,0.607,0.718,0.595,0.876,139.183,-8.142
61qLpNWCvxKF3GvzCfrWFl,0.566,0.824,0.781,0.918,102.787,-8.53
7f8fIUg4Dgch0I8wjSpkFa,0.455,0.331,0.895,0.346,101.421,-11.076
39sdlCugrGBsoC4Flos0HO,0.638,0.353,0.694,0.428,98.697,-14.28
5grvrZh5z2jsPjCOy1d8fP,0.634,0.612,0.479,0.691,78.817,-12.881
1xZv5HMOdnP1V4pfDFHdA1,0.241,0.0557,0.778,0.402,84.82,-15.846
7c0442O49LWK1GflGFyS4u,0.441,0.839,0.00886,0.841,129.378,-10.913
4pNiE4LCVV74vfIBaUHm1b,0.588,0.568,0.16,0.952,106.938,-9.766
687YZan9Gol1UVvbpUSO6Y,0.821,0.721,0.0816,0.885,105.866,-10.401
4C5GsegFD0j5ujSr1y93Oj,0.496,0.488,0.295,0.396,181.042,-14.195
4Gn4b1qJ12rowCNRw5DHM9,0.514,0.487,0.154,0.306,78.535,-11.657
0eGpcLG96GWVCG4Ix3qLCp,0.548,0.615,0.374,0.218,104.884,-12.019
1TF3L6npXn08LjwRdQGBww,0.648,0.614,0.0748,0.53,97.778,-10.45
6RANU8AS5ICU5PEHh8BYtH,0.481,0.826,0.182,0.819,118.679,-6.974
35WjWVaGGmA6RU0kgyOxZ6,0.469,0.478,0.429,0.295,101.592,-12.372
6nGaPDMcXeY7YS3O8B8C6s,0.776,0.921,0.121,0.518,109.502,-9.791
49jWPMEvoGPNRYSd4vEXSo,0.682,0.518,0.14,0.763,101.166,-11.317
4UBzGxrKBZN0NwJ8vTz8AG,0.359,0.127,0.936,0.198,94.058,-18.438
13toFl1UwJPsRxDiD9jgtn,0.467,0.869,0.0589,0.684,102.376,-10.342
5owFj7EOftzR9x5zciL0Bm,0.57,0.844,0.102,0.767,121.975,-9.684
5RgWdJs6H52nMyZFQspQWH,0.54,0.485,0.354,0.21,87.58,-13.164
620q3OKfZXyy4dstdxSi9K,0.577,0.61,0.0791,0.932,207.143,-10.559
3acOX53ZUy4N11zEvNa7N6,0.685,0.604,0.0733,0.854,105.879,-9.285
1Ud6moTC0KyXMq1Oxfien0,0.702,0.668,0.518,0.561,116.063,-9.237
49ScE2M6RIqfeHnnP4v94B,0.302,0.275,0.536,0.293,182.368,-12.281
3oxqLl1TcDNYgAaAxct3jK,0.604,0.453,0.0953,0.422,126.453,-8.273
2t95lca5RT63G2J988AorQ,0.519,0.63,0.455,0.839,114.416,-7.518
4FzDrD5KndBVrFaVwZToen,0.41,0.677,0.237,0.769,113.606,-8.984
7EXgO1bRnEArE58rtrgMWB,0.583,0.855,0.1,0.69,128.178,-7.213
294YjFlURvve9qm23KZCqP,0.627,0.597,0.435,0.0938,108.286,-9.095
3RkQ3UwOyPqpIiIvGVewuU,0.39,0.31,0.794,0.584,177.515,-14.545
3K10pmwoFZt5N6ESWvDQkv,0.44,0.213,0.527,0.433,181.322,-14.978
5Oer8yskMaCGXwGSfM7xr9,0.681,0.257,0.597,0.566,115.867,-15.348
4EgKcG7aswxVfQEqa3dl8S,0.699,0.197,0.655,0.361,122.871,-14.792
6H3kDe7CGoWYBabAeVWGiD,0.634,0.63,0.447,0.489,118.628,-8.277
4GNEqWXhKEoMyL3k5wF0r7,0.371,0.482,0.278,0.295,184.36,-11.795
6zD3VBPn2VNDdmLEg0coPt,0.531,0.759,0.627,0.888,120.96,-10.992
31YMV7aMItO8jzyc10iRrS,0.681,0.633,0.00869,0.954,129.591,-9.997
06FcMPcosZg13x2QODDDK6,0.558,0.684,0.433,0.867,116.232,-8.246
3tIvHt7VaIenprWXrYzgwb,0.403,0.658,0.772,0.512,75.488,-10.285
2pbHaKsIRuIqjZHCLpyQMv,0.471,0.371,0.756,0.543,143.892,-11.123
5m6livL7ccIS92wq16n52r,0.406,0.768,0.507,0.55,99.855,-9.321
6lFZbCc7pn6Lme1NP7qQqQ,0.32,0.62,0.64,0.472,86.327,-9.686
4KcH1ZRV2W1q7Flq0QqC76,0.385,0.783,0.000269,0.902,176.701,-2.533
55mKuESqpfgqe0kooIkTH2,0.481,0.88,0.00305,0.961,156.859,-1.108
0vGCxnTwYZFtOAW3oz28kd,0.232,0.866,0.0801,0.722,179.551,-1.38
70U8S3FnHJlwPuid3D2A5d,0.502,0.837,0.00211,0.677,133.694,-3.184
0qh1urPOJNYPrBQREE5lLS,0.287,0.935,0.00595,0.709,183.067,-1.844
1KWWXe7kMpVptnBsdiiyVb,0.219,0.684,0.000423,0.71,176.817,-2.661
6WPZnQd1Ic50z5RzKWhZKT,0.233,0.813,3.96e-06,0.819,178.959,-3.882
18hdp5HzsWTsl6NjsPhnpB,0.183,0.902,1.06e-05,0.757,177.658,-4.267
2A0zKcpBgK7v9G2gsimPIY,0.278,0.904,0.00276,0.713,177.278,-2.019
6XelYgwWSqRpwMs15BgGYM,0.295,0.899,0.000715,0.826,179.209,-1.733
1KsSlsvm2hjzB1WWkryxIj,0.395,0.883,0.000711,0.86,135.131,-1.12
5wPUGMFkGjNQH9W3FkgkGt,0.322,0.72,0.000157,0.839,182.676,-2.787
1PjbjMEDnpGMDnyqoGCCfD,0.306,0.926,0.0101,0.7,178.955,-1.488
7BmrfUmiDAPHGZCuPCD1F7,0.122,0.917,0.00012,0.351,179.792,-3.28
5u8JQ4bEIV7vJt5ngcIVXv,0.324,0.913,0.000294,0.539,177.581,0.265
0LokziWZAfmiRMuiN8WQM9,0.44,0.954,0.00346,0.794,157.648,0.143
5ByzOSn3xMsSRmTZnVvoNm,0.176,0.98,0.0792,0.303,180.336,0.403
0IJvpf1bf5EDSVGCM7JJau,0.447,0.895,0.000619,0.904,134.461,-1.831
1UwrzBEROcIYXjclkEzkGL,0.274,0.987,0.014,0.743,183.505,0.15
6HxJ1s6LaWVzSlmFwiAeeT,0.255,0.852,0.00206,0.777,178.026,0.289
1FEdEeL3LVSw0upgUChKAB,0.457,0.523,0.376,0.382,116.047,-8.144
4pWS0d4pcn0lDnp8jzjjY2,0.537,0.672,0.425,0.697,162.428,-8.081
5FTZvGKtwhz430WKnA8ik1,0.498,0.429,0.505,0.378,137.937,-9.374
4BdNQTF3bQXghWvkuqtCxP,0.564,0.456,0.633,0.583,123.067,-9.238
0P7DoyGrr4Wp9w5TotEtUC,0.63,0.551,0.373,0.518,143.868,-9.28
0sd32LeL99Lb374IyDOYJd,0.399,0.671,0.211,0.71,205.924,-8.403
2mkz7LrEqofmv0PvcihXW7,0.588,0.475,0.653,0.606,140.344,-9.808
2uMbDaPM5knVhHlDXqCc2c,0.439,0.696,0.0753,0.307,99.72,-7.911
4OvUUqKuWjkTE22P8SLvnd,0.317,0.339,0.546,0.179,130.333,-11.564
5VsQz4TODuGxnHrFD6MLtx,0.563,0.669,0.436,0.78,113.807,-7.308
1IoRkyadylakMOukD7uN67,0.445,0.376,0.321,0.526,128.156,-11.844
1JIzFhI9Lt5FyslawmHCBi,0.46,0.326,0.142,0.321,152.531,-10.699
1bo6xzrCrK7ocEirC5rrZk,0.573,0.404,0.0579,0.709,72.906,-12.142
6mib3N4E8PZHAGQ3xy7bho,0.56,0.605,0.0408,0.756,144.478,-11.209
0pQskrTITgmCMyr85tb9qq,0.486,0.449,0.166,0.549,100.456,-10.298
0xRUwscEziliaWCsmq7n2w,0.503,0.279,0.0174,0.177,133.558,-12.755
2ZWKuGuQ087pzwK4vO4E31,0.593,0.368,0.615,0.484,128.8,-12.257
5WfSHn8qVk1W3GJJQpETC1,0.452,0.856,0.178,0.553,138.486,-8.721
1dWoKufYqWrjfxYhFnHyMP,0.476,0.788,0.0241,0.936,89.551,-10.654
5IyL3XOaRPpTgxVjRIAxXU,0.515,0.554,0.0478,0.509,80.146,-11.616
3YZa4IzxK2UtEKTvdTgsi8,0.455,0.883,0.368,0.782,142.638,-9.159
1k5iH4KDKi56MFvlnrALNV,0.457,0.308,0.309,0.271,103.11,-11.474
1BWsOxeMx83OrKGCV4gxly,0.711,0.576,0.648,0.644,120.117,-8.784
4HHge4zAyIw3pkrtFzmwCl,0.49,0.172,0.897,0.361,143.837,-14.251
12q3V8ShACq2PSWINMc2rC,0.45,0.442,0.493,0.812,208.282,-12.718
1381rfnkAKhUeqP0J12kk3,0.505,0.255,0.861,0.623,140.344,-12.558
4EGyc152dlYpuQZ47cRC8j,0.66,0.341,0.843,0.497,77.066,-11.175
64lav7jWJqd5P4oWm4Ova6,0.489,0.256,0.755,0.172,89.234,-11.819
1qhp5owrFGeZ5Jgin28nwR,0.473,0.263,0.88,0.461,169.094,-10.684
0APt4t1Dab58sYmGQ4jgij,0.784,0.459,0.763,0.931,106.958,-10.446
7qVd0TKcUDUdVaUogsGm4H,0.403,0.329,0.79,0.243,159.443,-12.847
0PrW6YZOBGeukTkvJsSIV3,0.656,0.552,0.447,0.77,125.796,-8.882
4kCS2MgX5dQFyqHy21MzJG,0.379,0.203,0.931,0.344,67.135,-11.66
0LXljhKMUgoLv8tLwZ1hmf,0.624,0.158,0.953,0.303,85.492,-13.059
40riOy7x9W7GXjyGp4pjAv,0.579,0.508,0.00574,0.609,147.125,-9.484
6Zyz8lsnMFpIrCTuvGurCB,0.649,0.425,0.378,0.651,107.383,-9.811
6gXrEUzibufX9xYPk3HD5p,0.667,0.755,0.0966,0.883,109.535,-7.246
0Q5YtY85lz5n7rQkeMNpoe,0.431,0.174,0.418,0.144,117.563,-11.373
7soAdgnUJFcVYA4fiTjFwh,0.195,0.245,0.186,0.113,112.07,-14.752
1tKha6Q0lYlW1qsWYbZB2N,0.576,0.545,0.0871,0.649,84.24,-7.213
1LWDDpoVNF6YAFt95ETAS2,0.331,0.19,0.186,0.0947,195.365,-13.482
3ULgE72PnMaeV6lzA0G6Jv,0.466,0.786,0.13,0.716,154.341,-6.81
0MrZG1nTNQVzeSJKi6gFVF,0.549,0.28,0.474,0.299,125.83,-10.692
3KiexfmhxHvG5IgAElmTkd,0.491,0.801,0.27,0.971,160.109,-9.835
40qXGg5nRbcWzcFb26KWkQ,0.591,0.605,0.707,0.882,133.348,-10.925
2baEFuU0gQon0hgVRioI1o,0.608,0.565,0.635,0.835,109.286,-11.06
3JQWLa88R35d971o5bIImd,0.654,0.561,0.608,0.929,129.884,-10.551
7JxGM1R32ZqfwZou3VtnTg,0.402,0.86,0.607,0.822,142.445,-10.31
7529Z6b1rlGZFFPWjHPeV5,0.605,0.394,0.767,0.597,133.942,-11.33
6EHuOufBeL6vk3TvVJB5qo,0.527,0.48,0.334,0.706,139.388,-9.61
3VbGCXWRiouAq8VyMYN2MI,0.52,0.829,0.386,0.744,147.997,-6.228
7Msq9qojB7yORuJvz49iUy,0.635,0.656,0.389,0.77,134.435,-8.5
2VmB1rF9FtfKUmFHDVnq8Q,0.608,0.494,0.778,0.879,112.421,-12.211
7Aobt67JnaF7qN8jCCKvHq,0.673,0.349,0.608,0.609,124.451,-12.414
7fh53ta3vAOGJMQ4i5tCHe,0.42,0.372,0.698,0.412,101.408,-11.416
4dessGxnKXmTbHPhVgqODq,0.455,0.582,0.629,0.927,140.928,-10.009
5ZBeML7Lf3FMEVviTyvi8l,0.482,0.849,0.641,0.937,124.631,-9.198
1XuccRABkfUVB4FjSVhjL1,0.318,0.303,0.664,0.226,174.254,-15.572
1Ui9n4hF1G5krSr0G77fud,0.452,0.444,0.306,0.82,80.767,-17.599
7GWTupZ43FbwCXB0sDCmBh,0.542,0.177,0.596,0.529,100.051,-18.075
4C4IweuqxCQwlRaxSevqP9,0.565,0.388,0.399,0.574,122.052,-17.274
735Trwo0j3Erp6naCU1kXv,0.607,0.169,0.654,0.17,113.288,-20.946
3URRBJKRfCnlit1jVoncUD,0.471,0.258,0.576,0.0908,110.634,-19.476
5ckd7dqUqpNYSGevyb5yDv,0.618,0.439,0.336,0.905,94.84,-14.852
0WjdJ8VG5rbjMmFWfYR5HG,0.591,0.469,0.106,0.48,123.029,-14.778
6LhWdm4JRfsL2L6twjhjaG,0.57,0.202,0.0498,0.519,108.391,-18.335
4FTJ0ONOTUGU7JUD389cJ4,0.717,0.451,0.412,0.848,118.566,-16.219
1U0OueoBA6vNNhrqCvdNOX,0.431,0.371,0.354,0.517,95.824,-17.166
2e4RcQohKWo8oZIUfjxiGo,0.209,0.979,0.143,0.219,147.9,-4.791
21MwEJ8tHezcPy77BaELJ6,0.157,0.989,0.0324,0.196,157.609,-5.065
4GtIKUB1Q5O65ofahYPRfX,0.286,0.961,0.0315,0.592,164.291,-5.743
2Hs7YqZwFEPIxRTnqtrHvP,0.343,0.962,0.00632,0.312,149.067,-4.984
4AqfCW0jMeByTMZdoqHlH4,0.231,0.968,0.00467,0.195,154.447,-5.322
6ui6l3ZNvlrGQZArwo8195,0.274,0.908,0.00103,0.483,148.246,-5.419
0PgpDLsbk8wnYpgMCynGLz,0.347,0.922,0.0667,0.532,144.004,-6.523
3LoDeIbiR12sAznmpNEmKA,0.323,0.978,0.0422,0.168,134.222,-3.841
6jjASY7DtqLdM0zJbAQcnX,0.363,0.873,0.0179,0.559,122.887,-5.216
2mKj8Em0GLFu8I78yM1CfU,0.258,0.932,0.0467,0.334,145.582,-5.194
1sRWDB2Db5mZVealHeNYJt,0.365,0.943,0.0121,0.581,137.572,-5.154
6FAF8l0j91yX6SwkQNhrm7,0.197,0.954,0.00502,0.475,145.102,-3.687
6ToM0uwxtPKo9CMpbPGYvM,0.421,0.751,0.2,0.789,89.839,-9.584
2Xdc6qyaFBJZ8QW1KhpVci,0.679,0.443,0.33,0.609,115.843,-7.376
0gWvVB4bGvADocoPMEDy3K,0.313,0.42,0.797,0.339,178.711,-9.806
7mc2TP4Vzuyw2vNf1bLW9f,0.583,0.675,0.316,0.693,114.208,-7.126
0JNZGIavoUrdup1NsgJOQs,0.568,0.645,0.543,0.901,170.676,-8.363
5uvosCdMlFdTXhoazkTI5R,0.413,0.725,0.369,0.44,124.618,-5.787
03By6gD02qhtvIQiK8KidK,0.476,0.612,0.287,0.909,177.233,-7.01
6vCLIvOIabRk1XQfMb6RXi,0.396,0.707,0.0257,0.843,148.814,-7.989
09ezgACZuwWZt6CtQSSLRG,0.41,0.218,0.902,0.0755,72.081,-12.544
4pxHVL0syMQwYK3BxDaTIs,0.414,0.554,0.00243,0.531,149.244,-7.68
5UgT7w6zVZjP3oyawMzbiK,0.347,0.302,0.163,0.0332,105.702,-12.104
574y1r7o2tRA009FW0LE7v,0.592,0.0195,0.361,0.0313,119.504,-33.35
2ctvdKmETyOzPb2GiJJT53,0.431,0.373,0.389,0.253,128.153,-15.142
73OIUNKRi2y24Cu9cOLrzM,0.389,0.563,0.65,0.134,165.393,-21.191
3TO7bbrUKrOSPGRTB5MeCz,0.359,0.48,0.521,0.355,120.285,-11.79
2TjdnqlpwOjhijHCwHCP2d,0.274,0.217,0.767,0.181,116.334,-13.814
0vFOzaXqZHahrZp6enQwQb,0.468,0.536,0.024,0.785,126.256,-10.422
1TKTiKp3zbNgrBH2IwSwIx,0.357,0.302,0.862,0.135,72.518,-14.526
6FBPOJLxUZEair6x4kLDhf,0.277,0.672,0.197,0.505,150.587,-12.582
05uGBKRCuePsf43Hfm0JwX,0.324,0.265,0.0732,0.208,133.568,-13.398
1tDWVeCR9oWGX8d5J9rswk,0.359,0.577,0.0589,0.141,68.064,-10.804
272Z4tzaSMMcgrZ0R494S2,0.422,0.814,0.118,0.411,147.065,-7.365
6zCBk93V8M7fPriZj9i4dd,0.86,0.6,0.229,0.779,142.195,-9.103
4UcCvuacrweynfWohap8NR,0.396,0.31,0.622,0.225,133.862,-11.324
1wP1qnWy0cZWxnbWkzf9La,0.343,0.718,0.0585,0.452,77.772,-7.632
0iI8LriXKjg47IxjNCWuwz,0.687,0.555,0.495,0.821,118.285,-11.461
5UoBmpb4VHNBbKjxmL8WGe,0.38,0.535,0.21,0.328,143.592,-9.127
0KkXMzaRaXL8AyChkWbYCx,0.477,0.654,0.121,0.571,148.143,-10.408
1s20rDPeaWhdDRZGVXOlb2,0.478,0.078,0.876,0.105,120.754,-16.979
3tlIFVwnp2lRfjRaSYxtT0,0.356,0.965,0.357,0.332,115.773,-6.257
2Gm3IpOsWVU4KE5zByJ5lE,0.304,0.923,0.603,0.382,149.125,-4.905
2D3HfAqy0vPNg18h5OGJ5B,0.662,0.657,0.203,0.438,123.995,-6.847
16Mv1ceLVVggvNxBiHBQ2m,0.396,0.597,0.7,0.239,135.373,-6.689
2THxr18XpMdpHB7dM4sG5p,0.294,0.841,0.766,0.0661,97.369,-5.027
2gnscfzU8qN5D0yxMeH4cH,0.599,0.77,0.369,0.572,117.558,-5.314
35j1EQS5Qy3jTkhP9n9Nc6,0.393,0.44,0.712,0.186,152.542,-6.903
5FgMmwwET9HwiLO1CNKxaa,0.35,0.683,0.498,0.394,154.981,-7.59
30HnQldRdAg1UAX4CGWXyg,0.305,0.367,0.876,0.295,64.525,-14.974
54RMOJCF0kQ8FpXZcivxhV,0.22,0.907,0.0167,0.279,97.095,-5.892
0DdHuzYuo9vpF9F7T6CsgO,0.518,0.649,0.834,0.529,132.333,-12.781
2e80bWYxAGIUO3HFklUBW6,0.64,0.386,0.877,0.873,133.76,-13.829
6KwHMEjChuDsaTtnv5xntA,0.757,0.565,0.865,0.967,136.466,-13.777
5W313wSaCL6Tp0SZuvjkdA,0.466,0.135,0.908,0.496,119.681,-19.083
5IP0alz84x3MGmg4IuXggH,0.573,0.255,0.888,0.876,172.803,-16.105
61kb2mR3pXl43ALuoEQlVW,0.597,0.241,0.913,0.741,179.53,-17.264
3G23KWXfqo9zDH85dfcdOX,0.855,0.367,0.748,0.885,122.224,-17.743
4OEMFscrXttHu6VEk11ZBD,0.405,0.0787,0.973,0.506,81.044,-23.399
3zLmmL8Za4DbSKMXW65aA5,0.592,0.252,0.729,0.891,175.069,-19.604
5Go9opqXfZKh4sBAuoxbaq,0.824,0.464,0.791,0.921,109.603,-15.272
64ihTS2BPXI00Jx8NfSfDJ,0.868,0.45,0.813,0.955,107.462,-15.588
4vb2A9yZnOGC6Zl1yx6iBL,0.573,0.229,0.88,0.838,158.75,-17.241
5oL7AbricD85nfVbpWiQz9,0.8,0.21,0.919,0.56,119.441,-14.863
1YKxDpbjyjHROsxcllqqtR,0.716,0.405,0.824,0.968,121.773,-15.598
12Ip6aNi34yS7U5xN2WJRF,0.737,0.126,0.938,0.803,118.063,-17.863
5b87LELGjkjWD2uQIWOAJj,0.623,0.641,0.784,0.923,140.013,-12.892
68tUSF4R2dYOyGL2N2HDBC,0.557,0.424,0.925,0.963,176.96,-15.006
1RBeBxvaBlJTvJ72Ejc3Um,0.683,0.103,0.853,0.668,121.803,-19.202
1gJX8XpQIeamJYlVIaBkNQ,0.818,0.141,0.758,0.688,112.548,-23.099
11VQb0HsbyWM0Ha6yCJlWK,0.701,0.521,0.812,0.963,136.505,-13.315
2sevvnMrqH607r5lwk3kFT,0.775,0.559,0.108,0.804,122.229,-8.377
5rPnv4gceOGKCqbN06F2aJ,0.641,0.657,0.276,0.602,78.132,-9.354
6ZXmTH4DpP07a2TvHx1EF9,0.913,0.724,0.372,0.748,103.33,-8.527
7vggqxNKwd6xdRoYS0pQtM,0.825,0.494,0.00974,0.626,74.103,-10.486
0QyBdoz2JktWEo111DBEx9,0.93,0.462,0.128,0.777,124.065,-8.643
0q5giEtY4wsFTwjWqswLwx,0.797,0.574,0.229,0.814,78.183,-7.268
4FNm4ZJaUVLDCMXcqwS6zY,0.751,0.463,0.642,0.926,150.191,-10.96
1efuoLEUL1K0D96d63svRO,0.824,0.522,0.0159,0.581,126.238,-8.567
2BSwGHTh4kmckqXQfaCaAp,0.73,0.508,0.0716,0.936,76.494,-9.575
60e5PcqGmlVFQ0HHgUagCJ,0.797,0.644,0.338,0.706,96.87,-9.253
1waOqfmEVkVC8WhaIP6uGI,0.838,0.453,0.025,0.815,78.837,-11.536
7MKcM6TfaGKQVFfhstCbOw,0.666,0.259,0.585,0.698,116.082,-10.721
6dzrCHBBKutQezMkeWaOEY,0.781,0.412,0.00294,0.449,127.968,-9.187
5MRQvbpvXejJJy0OWciP8G,0.865,0.746,0.0329,0.961,132.846,-8.58
4aUCPal9bxTnQkEfdIY6sG,0.941,0.462,0.129,0.758,123.674,-11.029
1WgOedf4pKmgepml1CMW6o,0.812,0.638,0.0219,0.905,135.165,-8.116
0CLbmkYmQIWiEwnsbOkLpd,0.37,0.586,0.485,0.519,121.573,-13.468
7unF2ARDGldwWxZWCmlwDM,0.341,0.57,0.581,0.392,89.754,-11.71
0jHEixPAoSopOP75j2iTX9,0.4,0.616,0.546,0.455,98.06,-14.026
5FLQmLjjeNIuC8U5mDnXC8,0.381,0.313,0.897,0.376,127.106,-11.852
2oarlR10iB6zYUu8k4XoNp,0.241,0.734,0.974,0.244,57.691,-10.287
5BiuxSuxOZ9CcQ6SqICsDv,0.783,0.933,0.0176,0.777,110.182,-5.213
5k8dJvnLKfv1YN9W3bO79x,0.873,0.688,0.00968,0.823,98.425,-5.856
7e9BPg0oUL8wGRpDZCFf5t,0.795,0.857,0.0159,0.765,107.702,-6.5
14uhhAByvx2F0y6kRkKJ0i,0.65,0.872,0.0195,0.626,100.598,-5.406
4D8b4ibpEboE0SLvwnPe6X,0.767,0.807,0.00894,0.489,100.547,-8.58
5vPGvj5TkSehKPmwJysA4L,0.764,0.901,0.0573,0.654,99.352,-5.288
1TRaXveEPRDcfq36tcJTE0,0.848,0.894,0.111,0.738,116.854,-5.574
3AfTCDoSCXs1Ng1gghNznD,0.53,0.98,0.0979,0.362,107.761,-4.239
3bZEtYBYJahicQkLAqg4Am,0.379,0.943,0.0114,0.753,193.092,-4.69
64850mXUPMByArvFTYFsDf,0.76,0.911,0.0551,0.667,105.583,-4.965
3XwsGAtbEoBUzJfFmHSHSo,0.799,0.922,0.116,0.778,90.885,-5.088
18YFwSxTg9nhB3Xk5IQFUA,0.769,0.857,5.54e-05,0.165,97.6,-8.939
1JJ8D0KE144weLOGrjqJrb,0.783,0.878,0.00502,0.634,99.811,-6.481
3s3n2yEQrRFIZDrKnpHJvV,0.79,0.927,0.0655,0.785,100.286,-3.867
0GeHyuLsR39CxwqxdMVKaN,0.769,0.818,0.00144,0.701,108.664,-6.877
5jcqqoETBC4kySNGYbo60Q,0.881,0.881,0.00915,0.634,109.285,-6.55
3yms4Ypcqyal71lPkQ2Yex,0.928,0.828,0.00106,0.521,109.283,-9.371
2eSqu6ma6BRY13ruzeNTqy,0.732,0.577,0.495,0.816,80.575,-9.648
20xyWZTCwavJw7trff9O1I,0.554,0.582,0.000887,0.639,98.585,-9.048
6l8EbYRtQMgKOyc1gcDHF9,0.149,0.206,0.822,0.264,79.764,-13.888
1eN42Q7IWRzRBq8eW2Y2TE,0.33,0.214,0.836,0.275,147.795,-17.699
6QhXQOpyYvbpdbyjgAqKdY,0.755,0.876,0.357,0.954,102.762,-8.867
4uIjNF84ZbteunNMxr4Xc0,0.473,0.743,0.111,0.622,135.624,-7.073
4zYloXZV6NwiwXenBTc9DI,0.531,0.184,0.955,0.218,109.843,-18.271
76TZCvJ8GitQ2FA1q5dKu0,0.439,0.488,0.702,0.629,93.017,-14.464
5Bh8l8evdBSIoaK6EP1bWI,0.445,0.68,0.378,0.75,163.664,-11.338
5MbXzXGbqobR8xPVPs8OXA,0.411,0.381,0.13,0.524,76.963,-12.361
0nNI8eyMjDGjPDuQq87aJb,0.745,0.771,0.355,0.932,117.209,-10.067
1tk4uuDWxk0DTx2X5rGSxe,0.431,0.963,0.177,0.637,152.527,-7.823
5t9rkF7g7zIU1NFyrSJaQl,0.3,0.135,0.907,0.431,152.945,-19.696
3Pl49zzZ8Dmy7EEaRSRkvB,0.777,0.43,0.485,0.697,98.315,-7.447
7G5FWH81H6qM8zL9AWVl3B,0.676,0.469,0.621,0.766,100.4,-10.474
33u6xmMvhuI29rftBhJwbM,0.771,0.357,0.105,0.869,97.956,-9.917
25YDG7KG20YCGh42Hf4fCq,0.817,0.461,0.198,0.885,93.957,-7.781
2pYCyEwJ0xKnWbuQkqNHgp,0.825,0.43,0.296,0.738,99.753,-10.879
43YXZFad8aVLWojvBLZ62V,0.733,0.411,0.502,0.577,101.54,-9.192
04aqUZa6iLLzRoK5eEb7Zh,0.796,0.474,0.162,0.522,112.297,-8.58
1eA2hNeLFV3zrZIrupQhSq,0.689,0.512,0.207,0.697,106.795,-8.917
6a2AztTkOImGRfT3NmUdoY,0.616,0.542,0.152,0.83,95.62,-9.399
3ZzlW5lzXyE0tnsVvzxzZu,0.702,0.528,0.0947,0.962,115.148,-8.673
37D0tkVI7OqeOK6jURh08u,0.544,0.201,0.933,0.334,69.041,-11.357
4dae1XXONMjfvtl0T8SpmO,0.817,0.189,0.787,0.566,127.846,-14.537
4b4CsR0rR6yE3FMIBUM0r6,0.516,0.116,0.952,0.329,100.428,-13.097
4Ydrqcq9h4KV3djKS53lBy,0.432,0.478,0.769,0.743,201.673,-8.509
0gJy0lMFXOcSrwfjkbeZkA,0.647,0.258,0.856,0.719,113.888,-10.03
36fK4hmMDgBO79F0OYK1dZ,0.478,0.22,0.795,0.435,94.793,-10.021
4Qrj3AcjQ4fdokLmOmadEP,0.789,0.513,0.824,0.882,76.753,-9.055
5SYH2XlQwucVdEGmBpNHZ6,0.451,0.386,0.742,0.605,182.672,-10.528
4WkeZDkgFaN6YNuYSb3uUB,0.565,0.962,0.437,0.906,148.808,-2.981
550YPFm7nQINqWYXHcqYsK,0.484,0.232,0.818,0.41,180.63,-12.024
2fHQdlpQd4lA7YuBUKmWyW,0.377,0.209,0.864,0.536,175.8,-12.585
3OzoWfmJE9jPC1OLYiNR3t,0.393,0.194,0.831,0.695,73.75,-12.938
2BRWj6o8OhM1OD1RYzwi35,0.719,0.144,0.854,0.743,120.221,-12.496
4dXoBidwrK4i9zFCsgBSRn,0.421,0.0751,0.888,0.318,64.862,-16.431
6e3umwTyBYbymEmNmIizMB,0.489,0.162,0.97,0.391,176.098,-11.437
34LkbYqnC5xlV5mqtIn8Dk,0.802,0.109,0.895,0.39,88.759,-15.683
6wQnrHW6k4YW8Vu6oQz0hE,0.673,0.224,0.828,0.464,115.757,-12.043
5KQ7azQIzKeIb2jgc7pEhr,0.556,0.61,0.833,0.665,199.373,-4.729
4ndweLDEqp8tpApNLQwogk,0.638,0.308,0.844,0.672,163.956,-13.874
55TMh3hwoPkVqXSeB9ra0u,0.584,0.11,0.907,0.369,129.765,-12.535
4O958xeV2blAhD95Qo24nc,0.659,0.487,0.763,0.733,104.867,-6.656
4Ls0zLUccPv9o0G4Uio503,0.691,0.736,0.713,0.942,104.114,-6.716
6o2SHmtYja1oWs42tbvTWw,0.713,0.582,0.584,0.689,120.316,-9.337
7v1GxlbFevo4kLJGZf8aAZ,0.696,0.289,0.831,0.731,93.346,-8.684
1xsBkzv2XyU9TYBmUjWST2,0.534,0.345,0.86,0.619,81.513,-9.013
3htVOUt4zoFthJhqtJMGTo,0.545,0.714,0.675,0.952,94.784,-5.659
0mN7usMZ6ndPSIl545pPUz,0.358,0.845,0.719,0.954,175.44,-5.654
2NJbNGljm9WXqHGKY5MnrE,0.704,0.667,0.767,0.8,84.711,-8.171
7LSGjWtza5Y8itm6Cpbj1s,0.358,0.0378,0.914,0.243,82.755,-17.541
3OeX4IyrnpwkElW5iS8leo,0.706,0.656,0.829,0.947,74.809,-6.853
0uwIU1JDQtZl3tLVKVWU9y,0.395,0.115,0.953,0.242,101.254,-10.11
4MO4IrAvsZu1aSlAVnYxWb,0.664,0.664,0.322,0.883,166.85,-6.802
5caqO1K2U3nJask9OEjO47,0.405,0.464,0.838,0.89,86.889,-7.442
28IpgzF6DTq4SwoojEKsfD,0.699,0.127,0.721,0.383,123.204,-18.988
7pW9Wj1U4t19HKlvxM6Pzw,0.637,0.466,0.65,0.793,126.41,-10.172
1P2J3XkZeKXmigjPFZGg2D,0.442,0.791,0.477,0.697,107.762,-9.031
4aNsobd4PiU7PbXAk1HK5t,0.437,0.195,0.922,0.198,111.152,-12.268
3Wc4tanbT3laxY3dweuOib,0.607,0.718,0.595,0.876,139.183,-8.142
61qLpNWCvxKF3GvzCfrWFl,0.566,0.824,0.781,0.918,102.787,-8.53
7f8fIUg4Dgch0I8wjSpkFa,0.455,0.331,0.895,0.346,101.421,-11.076
39sdlCugrGBsoC4Flos0HO,0.638,0.353,0.694,0.428,98.697,-14.28
5grvrZh5z2jsPjCOy1d8fP,0.634,0.612,0.479,0.691,78.817,-12.881
1xZv5HMOdnP1V4pfDFHdA1,0.241,0.0557,0.778,0.402,84.82,-15.846
7c0442O49LWK1GflGFyS4u,0.441,0.839,0.00886,0.841,129.378,-10.913
4pNiE4LCVV74vfIBaUHm1b,0.588,0.568,0.16,0.952,106.938,-9.766
687YZan9Gol1UVvbpUSO6Y,0.821,0.721,0.0816,0.885,105.866,-10.401
4C5GsegFD0j5ujSr1y93Oj,0.496,0.488,0.295,0.396,181.042,-14.195
4Gn4b1qJ12rowCNRw5DHM9,0.514,0.487,0.154,0.306,78.535,-11.657
0eGpcLG96GWVCG4Ix3qLCp,0.548,0.615,0.374,0.218,104.884,-12.019
1TF3L6npXn08LjwRdQGBww,0.648,0.614,0.0748,0.53,97.778,-10.45
6RANU8AS5ICU5PEHh8BYtH,0.481,0.826,0.182,0.819,118.679,-6.974
35WjWVaGGmA6RU0kgyOxZ6,0.469,0.478,0.429,0.295,101.592,-12.372
6nGaPDMcXeY7YS3O8B8C6s,0.776,0.921,0.121,0.518,109.502,-9.791
49jWPMEvoGPNRYSd4vEXSo,0.682,0.518,0.14,0.763,101.166,-11.317
4UBzGxrKBZN0NwJ8vTz8AG,0.359,0.127,0.936,0.198,94.058,-18.438
13toFl1UwJPsRxDiD9jgtn,0.467,0.869,0.0589,0.684,102.376,-10.342
5owFj7EOftzR9x5zciL0Bm,0.57,0.844,0.102,0.767,121.975,-9.684
5RgWdJs6H52nMyZFQspQWH,0.54,0.485,0.354,0.21,87.58,-13.164
620q3OKfZXyy4dstdxSi9K,0.577,0.61,0.0791,0.932,207.143,-10.559
3acOX53ZUy4N11zEvNa7N6,0.685,0.604,0.0733,0.854,105.879,-9.285
1Ud6moTC0KyXMq1Oxfien0,0.702,0.668,0.518,0.561,116.063,-9.237
49ScE2M6RIqfeHnnP4v94B,0.302,0.275,0.536,0.293,182.368,-12.281
3oxqLl1TcDNYgAaAxct3jK,0.604,0.453,0.0953,0.422,126.453,-8.273
2t95lca5RT63G2J988AorQ,0.519,0.63,0.455,0.839,114.416,-7.518
4FzDrD5KndBVrFaVwZToen,0.41,0.677,0.237,0.769,113.606,-8.984
7EXgO1bRnEArE58rtrgMWB,0.583,0.855,0.1,0.69,128.178,-7.213
294YjFlURvve9qm23KZCqP,0.627,0.597,0.435,0.0938,108.286,-9.095
0mynYmSfl8q2KhjSp96G3w,0.349,0.831,0.0031,0.428,104.747,-6.425
5DZPlkknHAi3JxcpMFlJ69,0.443,0.462,0.203,0.447,177.096,-9.74
5FTPD9wSP9IjYBeivNE7cU,0.389,0.777,0.155,0.365,96.902,-6.534
4aX7pY8AV7oKCcCB5Sfqrs,0.612,0.835,0.0771,0.508,102.793,-10.329
4NXNW4eqf9JXLhWFRjwFh9,0.436,0.365,0.824,0.507,175.837,-12.641
66W3GpbqpSD5xR4PGAvu0H,0.646,0.743,0.373,0.582,108.861,-10.322
0aI5KoqucjqXjPi7bFENFQ,0.693,0.642,0.25,0.887,121.823,-9.99
70AM9U6VMFtSyjCYc34srx,0.777,0.827,0.648,0.977,118.089,-8.688
5lggRenRs2B0AygsiBYJPM,0.782,0.717,0.476,0.799,101.872,-11.195
6q701mead1QEHZdRiTsGCe,0.699,0.526,0.0171,0.805,128.193,-11.09
7vwpuSzl2ME9NkpZUzw8Wj,0.812,0.532,0.21,0.722,114.565,-10.33
4t6NQkpUmvpvLDCkl3XuwA,0.656,0.65,0.634,0.931,146.268,-11.643
3NQxA1W7mPHFZMvMPMao17,0.741,0.873,0.145,0.711,125.426,-10.739
15kqdKUfkwL6Cug9TDHtGC,0.466,0.677,0.417,0.742,101.294,-10.878
74iQ3gahRTOGc19bYadBE3,0.9,0.709,0.296,0.897,105.822,-12.683
0G21yYKMZoHa30cYVi1iA8,0.453,0.987,0.0195,0.316,123.544,-4.485
58YL9Jo1T0wyijCOZWRmyL,0.387,0.989,0.0207,0.216,150.763,-6.182
7CBFRsUz1pz1cS12soVhih,0.394,0.995,0.13,0.199,148.196,-4.946
62pJJQjiTaTsFYFjDIYjYU,0.395,0.988,0.0257,0.365,140.849,-4.877
65G4Ib3w7tgLjUkO5GseN0,0.491,0.974,0.0307,0.527,106.281,-6.695
6eN1f9KNmiWEhpE2RhQqB5,0.268,0.98,0.0192,0.395,100.315,-5.958
1NQPc9znr56Ci6f02HoLpg,0.459,0.97,0.158,0.282,103.505,-6.16
4WPyOlL7E6ckUcCUzIKNJe,0.237,0.992,0.0425,0.256,170.627,-5.215
7snQQk1zcKl8gZ92AnueZW,0.446,0.952,0.0901,0.624,125.303,-5.321
4WWUSzyxCUengfmWvKCdhR,0.402,0.994,0.0137,0.268,122.223,-4.436
4x1iqAZIrfetO4o45KHhcC,0.374,0.988,0.0321,0.321,152.31,-4.706
0xaNdYwK8ZF3cHSjraQGC0,0.446,0.978,0.0303,0.4,111.797,-5.275
01E97908af7cRmFC9XXekH,0.585,0.777,1.63e-05,0.687,128.833,-10.368
4bK2vKMdkS0rNhbzRqAZe0,0.505,0.759,0.00112,0.65,128.63,-6.871
3G69vJMWsX6ZohTykad2AU,0.392,0.534,0.245,0.325,181.305,-8.793
4iiX7axMHcc76BGM0QJEY5,0.502,0.68,5.79e-05,0.573,102.252,-10.438
4SzIZFruLhiAzhuMtAhIRt,0.432,0.679,0.0302,0.414,132.678,-10.594
3TPFVnDjojd7fsvLAizX0H,0.598,0.56,0.00428,0.38,92.086,-10.89
4nBln1vXTHnJzXvNgvXyIA,0.507,0.934,3.52e-05,0.417,108.345,-8.888
50JK22El2PTIzZBU2liLDI,0.674,0.659,0.00156,0.697,99.768,-8.049
5JZZtxJNwImgPCvLXfu0PU,0.493,0.331,0.00592,0.16,89.977,-15.706
5WCtoomAl0y1mgVh1Yuj0a,0.481,0.705,0.000305,0.249,107.647,-11.101
7AGGClp7SmBnepuiua7DPG,0.423,0.693,4.39e-05,0.134,100.564,-9.948
3MqgRB20fpPXIovSSuK7na,0.263,0.383,0.363,0.166,145.979,-13.418
4qVuq0BGx7oAam76aHtUyb,0.433,0.842,0.0473,0.812,107.752,-7.222
6Zbt6Fo9yGcdVTZ9jO4pli,0.471,0.711,0.00136,0.371,134.018,-7.348
3MITIlk0E1QtqjjDCJYSQz,0.762,0.681,0.00475,0.684,128.969,-10.318
3Cv7PGOp1sOoEHvzo7s9d9,0.494,0.805,0.00215,0.723,128.998,-6.753
2n4TtbosMZGBqsLDZo0jcu,0.512,0.41,0.65,0.233,100.076,-9.32
7lloRQpqtJi2sVS1J7eZ40,0.53,0.771,0.00819,0.815,132.693,-8.283
3uYsvFySXQfGfBq545GHk1,0.454,0.768,0.000986,0.597,149.404,-7.899
55sJ8wMO1g7khH8d6m0pAC,0.44,0.856,0.000391,0.369,130.02,-7.543
61UuPxxYUvacEH6SHIK3sU,0.633,0.934,0.219,0.963,128.606,-3.594
1ZS5HBMAmZk3gjFcedts66,0.33,0.895,0.221,0.54,144.945,-3.435
52dm9op3rbfAkc1LGXgipW,0.432,0.389,0.687,0.158,139.506,-6.517
1hIQPCM3oWXrpnXmgTDaKG,0.545,0.757,0.408,0.714,152.217,-5.228
4uhJps8XVlPZbdI5ZArAUO,0.439,0.422,0.724,0.564,70.283,-8.384
01JYvQ6udfhUw9Jed9EzoK,0.655,0.972,0.257,0.973,135.922,-3.502
6WvgizUMVUdPksmm7BMfnm,0.442,0.382,0.467,0.199,119.947,-5.295
1XaL1OWGibGlPqLUW9MnCX,0.395,0.579,0.0943,0.218,90.443,-7.565
3oJtUnnt5uYPtzulIbLw3D,0.54,0.862,0.33,0.931,130.34,-4.599
3w7hnMNX4zVZeBJ6LisTjT,0.417,0.5,0.575,0.241,130.531,-6.449
0pLt4z90EzbN7lY9lky1Z9,0.593,0.468,0.35,0.597,75.798,-11.165
6KHNMPZTSif1zFbFKErpNU,0.606,0.282,0.501,0.563,67.409,-12.207
5aN9SeqAtly2NriV7tMjrI,0.575,0.188,0.841,0.334,77.464,-18.758
53DfWyh0C0rJUGpsmtdRc1,0.641,0.397,0.294,0.57,81.962,-12.285
3lh3iiiJeiBXHSZw6u0kh6,0.608,0.524,0.367,0.797,86.204,-10.266
340k3JIT2OD06pNNpH38KW,0.656,0.594,0.253,0.778,98.356,-10.991
4eJqIAwc78N603UffIOc5A,0.677,0.388,0.0763,0.828,114.239,-12.496
2D5bUcNHDDMvXcd0jKWhtk,0.629,0.334,0.566,0.514,134.132,-13.02
1NdpYN5GCJSnj3S3mrxOcS,0.418,0.534,0.0713,0.727,160.026,-9.841
1V3Eip6APhGPat25IFCqzB,0.543,0.555,0.119,0.813,160.71,-11.747
2kRFrWaLWiKq48YYVdGcm8,0.296,0.463,0.705,0.0629,123.943,-11.412
3QDahKSqLwYJYQRbILdzS6,0.63,0.428,0.262,0.159,112.923,-15.52
4Wgj6jzoI2gYlumXdYAB8U,0.488,0.754,0.00237,0.388,91.517,-8.552
2rtGaCAeYtmcIvuZsvgTf6,0.167,0.302,0.316,0.19,102.026,-11.644
4LrfsgQ5AGouvH3PlxW2PC,0.165,0.146,0.827,0.0577,134.508,-21.357
1FoUsSi9BCTlNt2Vd7V8XA,0.402,0.757,0.0496,0.573,157.96,-9.931
0xivCtzVVrdeq32s8EnOO6,0.366,0.635,0.675,0.509,88.949,-10.544
1W5XugQJGhnSATMI5n002M,0.615,0.931,0.0352,0.525,137.544,-7.8
4h37RgtBg9iynN3BIL5lFU,0.646,0.462,0.719,0.392,142.133,-12.124
4SrRrB27n7fiRkQcPoKfpk,0.112,0.13,0.921,0.0427,90.835,-16.128
4aeCuOowYXJXrMZsVHZbfF,0.369,0.225,0.992,0.0769,64.655,-16.341
46eu3SBuFCXWsPT39Yg3tJ,0.878,0.821,0.126,0.947,118.881,-9.875
7oOOI85fVQvVnK5ynNMdW7,0.808,0.535,0.179,0.848,114.031,-12.521
6BdiFsPMPkSEEO4fFXFVWX,0.907,0.875,0.0461,0.865,129.797,-11.001
78XG7U0UueeC86XpzF9O7f,0.809,0.892,0.0629,0.89,124.435,-11.443
3zYpRGnnoegSpt3SguSo3W,0.827,0.595,0.182,0.921,118.741,-13.909
1nCV2d1RAch7t2kRmwet5N,0.883,0.4,0.4,0.905,102.767,-14.882
6NGsHLZYGVAkXTFr75WWnn,0.293,0.0348,0.962,0.101,130.959,-23.92
1HibhNhwk2tljwC4BGGLXV,0.684,0.394,0.704,0.429,100.068,-19.075
0CeE7kE8zAnfKIVpdmOaJl,0.794,0.551,0.206,0.91,105.547,-14.607
6aCs8gCrp4yrwvw7ylhau2,0.847,0.709,0.213,0.961,116.458,-11.343
16GUMo6u3D2qo9a19AkYct,0.664,0.88,0.465,0.895,133.898,-5.009
54xbcKFYv2PC6ujERHppRj,0.664,0.878,0.165,0.222,91.881,-6.987
49MHCPzvMLXhRjDantBMVH,0.589,0.453,0.703,0.513,139.148,-8.912
3utq2FgD1pkmIoaWfjXWAU,0.415,0.931,0.407,0.339,97.953,-4.988
4U45aEWtQhrm8A5mxPaFZ7,0.532,0.495,0.659,0.308,124.936,-6.662
1xOXXYh6lTW8laxlW7JP2J,0.579,0.872,0.159,0.761,76.214,-6.126
5RgFlk1fcClZd0Y4SGYhqH,0.292,0.324,0.797,0.384,176.631,-11.996
6rEJ6ncZKq9EM3TwyMhTDo,0.612,0.926,0.0893,0.867,106.398,-5.623
1s65HRPwZtSG5dBIBZ0dix,0.42,0.361,0.413,0.0843,112.26,-10.75
6uC9fa50cFyDOc1BTOLXiM,0.422,0.751,0.0348,0.321,79.566,-6.949
7kYQF3TJwQG9xJhSZJIj6v,0.463,0.889,0.0833,0.411,101.632,-7.526
3qrmvMrpP4JADQUk8AZZaL,0.436,0.545,0.484,0.235,119.587,-9.237
1nFYpnm7F7iJgvKpSdyZXl,0.541,0.549,0.525,0.251,135.665,-8.891
55TvHlxObIKvxD1vSn8Q4s,0.308,0.435,0.869,0.606,73.768,-13.475
2qnNUfbNRInP0CqsXYMYfF,0.415,0.798,0.138,0.247,101.68,-8.059
6eM1ju6kLvgzdnT5mJgSJb,0.372,0.905,0.0707,0.447,98.505,-5.931
2PeB3kosc35XamDfXy3eAc,0.338,0.473,0.769,0.19,60.671,-16.501
6cWv9xpzoAaBjqRg3mCZi3,0.492,0.679,0.114,0.459,82.58,-7.283
0Z8G02M7ncN87m1DexCFC4,0.462,0.571,0.268,0.158,80.045,-7.082
20Xtv4fo9ClcgwEGVrdviG,0.347,0.986,0.185,0.578,135.923,-6.03
00IrSynHsun7DpDrLkRIjM,0.62,0.703,0.479,0.559,136.155,-7.854
51KKQAgYFoJHgVIuJWHdHb,0.732,0.705,0.626,0.848,117.925,-9.271
1jBbbJQfOKyBsJNVng8eIy,0.795,0.741,0.254,0.961,117.906,-6.78
26BtvjUZgQzIgYbXe4e6oR,0.581,0.878,0.506,0.595,144.888,-6.784
71GvlH0VdeClloLIkHrAVu,0.791,0.677,0.776,0.876,110.64,-9.724
0qxYx4F3vm1AOnfux6dDxP,0.776,0.763,0.182,0.82,128.433,-8.124
40ZTTezGy5R2Led0sO0kn6,0.536,0.677,0.459,0.648,74.155,-8.593
75fomtP3etOOIJDBAXVawy,0.404,0.27,0.875,0.294,91.396,-16.337
5YRzxz5G4vtaj0jOuGaMp8,0.706,0.623,0.681,0.668,124.978,-9.63
2WBzF0a3DDzqjNF8V3ApAw,0.722,0.757,0.107,0.483,113.991,-7.918
4Yer5J62AsSebsDBr7xla6,0.595,0.673,0.248,0.879,178.853,-8.227
22kWVu7uDmXDWENT5fUKH3,0.32,0.144,0.929,0.341,124.651,-17.043
2zUYlhVoLdTFgOXVYmwq5j,0.748,0.271,0.964,0.715,110.793,-12.194
4jSqmbZinf7lYyNomskIix,0.586,0.761,0.393,0.809,89.126,-8.564
2ZkPJN0lHx7dZSfZ0LdHpE,0.812,0.818,0.0524,0.973,121.593,-7.795
1x44b9WUQCferJvgKd2kGi,0.724,0.77,0.222,0.948,125.472,-7.859
6qxXWHksQRKpRAjxzuS0Vs,0.645,0.351,0.736,0.595,117.822,-16.716
24Mx7vklBWuqFjsHMO8ofZ,0.556,0.588,0.349,0.666,110.58,-7.443
7zrPswSV1yxrill5OyCuaU,0.851,0.669,0.239,0.911,126.624,-9.562
2ouFIPC3O1HNBcVTw1d9AN,0.523,0.803,0.107,0.921,91.469,-6.321
5ciFyVTM7VkO8FzI6BXex5,0.588,0.855,0.186,0.857,132.131,-7.094
72aE17MO1hgAziGJa6bQQe,0.591,0.637,0.128,0.962,172.452,-9.102
37OXWNPJ1SJRjWe5Dwic5y,0.555,0.604,0.436,0.731,100.152,-8.792
7c830PwjQ4cdfwHaqWGSqR,0.598,0.798,0.169,0.941,93.699,-8.101
1bPFVabzEPFkQF8ucfLVAd,0.472,0.349,0.553,0.385,97.505,-7.665
0Y2L2bd7T8JFlvB602sMIw,0.779,0.776,0.552,0.761,119.889,-7.393
3eA6WNRUSli1tKbey3B4wE,0.462,0.864,0.0129,0.806,90.437,-5.655
5ZlLI6n8e3wlOrscAoCKmQ,0.752,0.831,0.419,0.777,120.082,-7.112
1cSgFOhbk7CwNL6n0DLeHU,0.839,0.44,0.458,0.749,113.602,-7.112
1vE4CjK9YKxB8AxG2yrm4j,0.815,0.672,0.414,0.823,126.357,-7.108
6gBxXycPrgk9Y7XUV2HVkg,0.532,0.798,0.0776,0.8,93.807,-6.645
1kJf1hfpUhQt8e17ggkARL,0.668,0.84,0.23,0.561,135.153,-9.446
2MhJSvxxotrBEED4mk2fwQ,0.537,0.859,0.00151,0.631,94.607,-8.253
33Wpyg5O57h9PvrVMyQkwH,0.723,0.667,0.00576,0.305,110.778,-8.7
4K8RhYCQts5T3JyiupiJEU,0.585,0.58,0.107,0.474,102.241,-9.808
66qmlt2yRshrvxnhFxMI0G,0.881,0.311,0.423,0.969,126.4,-16.086
2q5gHGt7pNlKbPvOB2YiAw,0.86,0.517,0.475,0.757,100.754,-9.995
5HlLgmHL8qafp46jMtlxZJ,0.453,0.738,0.498,0.778,182.233,-8.16
4r8AQvzullpWTDpgv70KxD,0.618,0.769,0.0123,0.385,102.678,-8.012
4EUe6BsZm5wZLxOTaV3kDX,0.348,0.865,0.262,0.471,102.078,-9.727
0d0Z9qFbTIgDSZtImluTAy,0.632,0.849,0.167,0.939,123.092,-8.282
4lPJoKw24HizeIcDLqaWeE,0.561,0.842,0.239,0.843,111.209,-7.518
6Vjk8MNXpQpi0F4BefdTyq,0.483,0.615,0.452,0.594,80.576,-8.538
343ctUuXfw3vnE2eN7cURN,0.308,0.382,0.137,0.108,127.318,-10.722
5rgWj8h7lzbSmwpp0wFkXD,0.34,0.287,0.719,0.248,171.904,-17.333
5NfzVueIjM2uwu7UWTvZAU,0.395,0.491,0.754,0.451,97.081,-10.813
6M5m8gfTj3rhYEPDzLmdL4,0.545,0.416,0.559,0.295,76.872,-11.979
0lrTkq310F22Eyv7yolL87,0.511,0.722,0.274,0.541,100.292,-9.625
5tLacvgGxftjiWhddXuUn5,0.498,0.746,0.00414,0.561,110.815,-8.958
26yQ7ty7PQBHxqSFGoaORp,0.632,0.927,0.627,0.976,132.722,-10.163
6IBn2H6Axqg4mc4PZW6jRz,0.759,0.815,0.655,0.599,127.569,-9.929
2wV6F22JUYYhVidQZgcWrH,0.431,0.909,0.3,0.55,113.201,-8.899
1PELiBvwMisTq8ERS5OhlD,0.642,0.788,0.137,0.889,111.652,-10.002
5YJzW4mHvrhUk3owAvNlU8,0.545,0.841,0.454,0.829,115.241,-11.555
61g5yH0ig62XhtQ161kEED,0.339,0.688,0.414,0.532,101.464,-9.799
2Kka8ruBg8jCabrZyAVEHS,0.605,0.691,0.467,0.965,123.288,-10.57
3lXXHpUSHFEl0CDQt4ekJ2,0.521,0.819,0.429,0.261,128.54,-9.694
0cyrmJCVIOvYjFVXX8PFNU,0.713,0.192,0.677,0.75,108.792,-12.337
1X61yfpp5giHf2Iz9d4YCq,0.505,0.206,0.718,0.651,117.531,-11.73
44AgaeLQCnvk3PPHIaDeDk,0.673,0.243,0.911,0.644,101.531,-13.868
2dOYBjbJqOlKjiraPHY1rX,0.552,0.511,0.782,0.757,120.189,-10.005
08H1RrAJpBJtzoC6IDuARQ,0.488,0.358,0.633,0.552,105.187,-10.695
7nyECfR6PvSLg54lI0rrjG,0.652,0.579,0.705,0.966,157.408,-11.158
5z2Im1TXtQDJf7rx2DYmsN,0.625,0.405,0.728,0.843,135.193,-10.925
1WNTorgsJLCL9n3OCS7opN,0.676,0.218,0.877,0.358,109.232,-13.704
4W7ps5zORgRWe691hlxXzC,0.745,0.837,0.511,0.932,134.471,-9.169
2HtrdkCBIUlRBJ8m46yCFW,0.72,0.705,0.421,0.871,78.764,-8.554
6L5Qc1Ol4ENtzvQPhN4Hsh,0.603,0.296,0.68,0.536,96.571,-9.481
37cbiqy4YfNTvk1mDETyNj,0.448,0.234,0.662,0.559,188.161,-13.415
2nV6LVdwqzy8qWO8WRmTZb,0.81,0.679,0.22,0.873,130.517,-9.042
5iw29cLh7LBc7z2ISdIVm9,0.507,0.76,0.439,0.838,79.462,-8.519
3w29gvOFQY4zITid74yzDN,0.574,0.108,0.607,0.362,106.168,-17.12
1SpC61Si1ad4tFCln9sO8N,0.538,0.336,0.695,0.571,67.313,-13.659
42FYpXjTDH9AAtkFnGnSZL,0.564,0.363,0.239,0.688,109.121,-11.463
4jKPBqcvQ2oSZ7D2Wx4fhA,0.728,0.665,0.599,0.965,128.639,-11.258
4WRRuJ7pARaP2Hfoill07y,0.781,0.409,0.292,0.882,129.22,-10.943
5G5VR0VIlVMSqbKOnrg0fM,0.425,0.34,0.496,0.417,100.201,-13.709
69QHm3pustz01CJRwdo20z,0.389,0.873,0.00532,0.303,106.767,-4.768
0C80GCp0mMuBzLf3EAXqxv,0.457,0.904,0.000239,0.48,141.038,-5.303
6Th6ND8RQPywiyelecP5Lf,0.532,0.858,0.00533,0.495,125.698,-5.023
6rAy2MsMUabbqu2VygrblP,0.525,0.975,0.0704,0.736,132.686,-4.372
5XeMsYb1rWxQL1bUUaZajn,0.4,0.902,0.115,0.632,105.659,-4.385
08mG3Y1vljYA6bvDt4Wqkj,0.31,0.7,0.011,0.763,188.386,-5.678
2SiXAy7TuUkycRVbbWDEpo,0.532,0.767,0.00287,0.755,127.361,-5.509
4dDurgTN3eGyU0ghzFJ0T1,0.421,0.889,0.00167,0.424,122.424,-5.166
2MCUmp0I98gsJBmey7DfZS,0.417,0.942,0.0234,0.618,152.346,-4.225
6J17MkMmuzBiIOjRH6MOBZ,0.576,0.659,0.041,0.717,94.853,-5.617
2C0sqGNrzgKUwiKeJiOPSa,0.658,0.418,0.252,0.613,75.015,-7.568
5CYwaNS12milkMMyNgEOLY,0.709,0.841,0.19,0.961,117.538,-6.143
2IkM8zrt6Y1F344CNfaDA0,0.414,0.342,0.531,0.239,167.166,-9.676
5DaqgXFk5SxNCiMOpuPJS2,0.787,0.489,0.436,0.911,97.713,-7.713
4pdLyulbYLCrPmDzWWeJIZ,0.499,0.246,0.7,0.152,148.468,-12.806
0VqcV6Y2le5UEyvsJ9bYek,0.719,0.667,0.317,0.832,82.407,-6.259
5zQyqgNXKzhifkivumzxDS,0.74,0.322,0.551,0.629,102.889,-9.26
61xW0GqeX38uF0elO3jjql,0.86,0.498,0.641,0.963,105.693,-9.026
0OY4ztej0wqS7AF2pHHtCu,0.564,0.483,0.334,0.213,72.772,-6.144
6qf0g9xgEJvSdxGEuyQOlP,0.743,0.81,0.631,0.803,148.669,-6.235
4busFoxb3889B2pkASDn9U,0.502,0.329,0.754,0.45,145.613,-9.232
1Fqpmx1czeozS97PmFja8f,0.474,0.287,0.671,0.138,140.378,-9.434
3ZFKV8EeOUDNXU8QCbUrPp,0.755,0.721,0.158,0.808,134.763,-7.622
1NGGxERGytoBIGn7dtSzeu,0.744,0.648,0.0691,0.93,119.331,-6.033
1yMYxygJcxIFAK4YaMcwZg,0.644,0.409,0.783,0.56,70.401,-7.377
3It1OL5RYsw68lLQJ986SH,0.783,0.538,0.335,0.503,122.932,-6.502
7o0BKYom7OGIVUFJPUkRU8,0.494,0.885,0.0995,0.497,102.908,-7.14
3r8rlP9gNjOjB2DDDAKQ3T,0.583,0.53,0.493,0.571,83.459,-8.192
36HqHHtbDtjdbzFtVWL3nM,0.704,0.67,0.0716,0.649,120.119,-6.323
3OMIRD5ctTKGxtPFswyD2I,0.464,0.45,0.479,0.327,122.321,-8.311
78lgmZwycJ3nzsdgmPPGNx,0.564,0.932,0.013,0.619,112.937,-10.068
7jP44G0vKQLkfJ3x19pqPn,0.257,0.452,0.744,0.271,83.553,-12.365
78MXICbE7bD4cuPKFh1EFO,0.453,0.895,0.0348,0.446,128.313,-9.143
1SDiiE3v2z89VxC3aVRKHQ,0.393,0.364,0.0021,0.308,118.566,-10.945
6fxcpQMUoX0ofnbIHVnVWN,0.418,0.962,0.083,0.59,94.141,-8.423
4S2QZuPFZ9qeHW2sonMJS1,0.399,0.845,0.125,0.359,105.911,-8.736
4ywWJqYKOwaVVh9xXARWUS,0.306,0.398,0.0857,0.0948,85.622,-12.767
1ZUv3ISx2nFaz0JimVdcoT,0.245,0.328,0.673,0.102,86.926,-11.553
1dK6cNOMYjEP3QGYOfwP6t,0.525,0.501,0.16,0.333,108.291,-14.192
63jSSgwKQtEdOVRuj85GX7,0.399,0.463,0.376,0.278,115.85,-13.789
7pKfPomDEeI4TPT6EOYjn9,0.547,0.257,0.907,0.169,75.752,-12.358
5CG4RXjli90Zd1KDalPqeK,0.545,0.608,0.193,0.681,165.617,-9.372
3D9iV6cYkYJRAPFO6DRKIE,0.489,0.389,0.877,0.254,131.366,-11.653
0YPyhXgtDks7BQozBSGCk4,0.754,0.391,0.0137,0.942,82.372,-10.373
16euYyM9iFZqOk3p9bnsEW,0.305,0.834,0.00629,0.521,162.706,-9.507
3d2oiHuHm3rftzRDPeL5LU,0.561,0.783,0.106,0.768,133.518,-8.878
0gDyuX5rdHulQTUyrIdSR1,0.529,0.104,0.985,0.183,135.235,-19.669
7xsr2OppItxPB4whucYr2G,0.585,0.517,0.0494,0.714,131.412,-10.269
4k9pqSKBHYdTGjzNeRyQ0o,0.545,0.352,0.885,0.206,74.163,-14.425
2pNwQBjJppt8v3sZojH1aj,0.587,0.842,0.299,0.794,85.297,-10.463
6ywRlumSQjOOkcSnJYAgHw,0.591,0.824,0.0344,0.741,104.304,-7.83
3xicEV8TwGCGtVnqaDhGLj,0.545,0.763,0.0239,0.719,157.512,-7.27
6bbQuT0lK4ekunMnK446Bt,0.31,0.862,0.000454,0.599,196.703,-6.943
0brrVj6VnvrG70SjRTnEJA,0.168,0.974,0.000598,0.609,205.278,-4.862
1OtO2g2E1rnAW4KjNNeNui,0.471,0.77,0.0237,0.681,150.92,-7.123
0UASKqdWmzHqzxUDuJNorP,0.287,0.759,0.000509,0.815,173.344,-6.944
2Oed9gZ5WKs6IJ55G1p3DY,0.337,0.929,0.0655,0.753,161.791,-6.59
0y8zZOu4u6NmoW7u1jEQzo,0.556,0.822,0.0458,0.792,147.282,-6.082
4aKMvmxQgX7J766G4pFlyh,0.382,0.855,0.0155,0.962,187.805,-8.056
0tIJ9LcPpRVH2ENDYr1qjF,0.353,0.911,0.00157,0.765,169.091,-7.702
13kmaAS77f3Ly94fmxPZ7j,0.567,0.923,0.112,0.684,106.735,-7.35
6IMlcKjsIM3l3yXWykTa3y,0.721,0.488,0.0289,0.884,152.287,-10.294
3nkGF86S0wfh4Qk2yeb0Sw,0.558,0.78,0.00372,0.81,92.875,-7.935
0zRsYMipqgzvSe2rvNt9uH,0.403,0.674,0.00158,0.877,161.424,-8.208
7s25THrKz86DM225dOYwnr,0.805,0.558,0.164,0.965,114.95,-5.226
4ioNP12wZS8rcMZRf1vwko,0.523,0.351,0.321,0.286,130.881,-8.54
1hES47PrbU8GPTI5A9lsr0,0.657,0.371,0.367,0.709,134.867,-9.186
7JTOzgSUnVvn4RagIEJjDn,0.649,0.296,0.364,0.6,81.911,-9.389
6Ku82QCBc2uC0yfl7GJVVj,0.849,0.401,0.242,0.554,125.836,-8.114
3eK8ej1lXMTWNsfqL5hJRv,0.586,0.318,0.327,0.585,150.836,-8.582
0xGcAq56TXf3RnSHkCiL9k,0.641,0.365,0.377,0.356,141.597,-9.632
2B3p4UHHQ8i5elbErGgU6p,0.796,0.562,0.237,0.834,112.495,-8.126
6cLEpgDcEldV1n9gusHQUX,0.668,0.284,0.706,0.491,134.911,-10.192
7mvKpoeI6sq6osDtSb9xcF,0.84,0.44,0.535,0.531,120.221,-9.435
4jeEaCq9omzcX5cOFKhT5O,0.529,0.307,0.398,0.318,132.633,-10.608
1DzKS1j1XiKJ5HN9bnFGO0,0.811,0.485,0.452,0.956,114.843,-8.866
6soyMRtt1bM1ba5e8Hg4o6,0.711,0.303,0.419,0.663,135.172,-9.655
3LX1JoS93qV30UCwGaXDhR,0.629,0.233,0.663,0.639,134.113,-13.291
2oZmMp5M6L0Rh7G84Um2tF,0.721,0.567,0.221,0.914,116.643,-9.516
0EqaoyLMibTK9EOmeKN0DB,0.735,0.557,0.29,0.93,122.537,-9.196
4AB8I2iNcBMxgQKkeeIKIv,0.594,0.328,0.783,0.387,126.702,-9.502
61lGw5yclg5rnyZUOkxZ8l,0.677,0.634,0.536,0.861,116.764,-9.352
5K09WxKdlkroDyEVyOSySy,0.603,0.271,0.679,0.405,110.89,-10.083
3lrSnngQqNWgvQmcFbCJCx,0.708,0.67,0.471,0.939,117.149,-8.142
6IGfFOpzovgM5EYFzSCAZO,0.541,0.449,0.625,0.44,120.473,-8.76
3cyWykDWEIr32xDFpNiGY3,0.475,0.675,0.354,0.961,162.836,-8.695
1FjyfUBL7Dj1GpSxL1XLCQ,0.642,0.405,0.567,0.538,91.332,-11.094
0qgYfRBF5mSCPOdHdgus66,0.397,0.283,0.855,0.231,136.477,-10.665
6mXG9gssLzhnVWtq6UNu5J,0.688,0.546,0.63,0.555,117.852,-8.421
1S8YOLgJKX5w4i4UhdbKzk,0.653,0.321,0.251,0.295,111.015,-8.656
1fQfd7oyrrcjsCA3qUnhKX,0.742,0.807,0.354,0.961,117.659,-5.372
6p3iGqLGUxFES79KULUzFm,0.404,0.347,0.722,0.218,136.045,-9.663
0dOg1ySSI7NkpAe89Zo0b9,0.398,0.952,0.000373,0.584,122.093,-6.042
4U7NhC2rQTAhH7dw7H0goB,0.535,0.884,0.00188,0.796,120.555,-5.499
3O5RCjnjWlF0CYkcvJaGVm,0.536,0.982,0.0141,0.963,119.201,-4.674
1n16ZEz2uuWO1Dx01dVWua,0.429,0.949,0.0842,0.967,184.286,-5.295
4a0oZYU2ntSUof4lkm2PCl,0.544,0.762,0.0585,0.473,120.023,-7.289
3PzsbWSQdLCKDLxn7YZfkM,0.62,0.446,0.589,0.868,88.591,-14.451
2zMlWt4aYreVczVERFK94w,0.351,0.947,0.00382,0.859,153.762,-4.965
2KPzDsCtQtIM0Lkh3RacRC,0.521,0.949,0.000265,0.956,133.393,-5.279
0VkDedVtP7TQDlaCMq9QVx,0.579,0.948,0.117,0.811,132.812,-5.908
2Y90nL1ohB4sgYELDs7uNx,0.574,0.96,0.0457,0.978,117.486,-4.906
7FwBtcecmlpc1sLySPXeGE,0.527,0.942,0.0115,0.495,148.723,-5.64
6dahFmHrgncgVJjsI1ws7e,0.652,0.338,0.486,0.392,116.881,-11.58
24YmWQgunJGAU8El3ndkyn,0.316,0.49,0.416,0.267,152.1,-14.578
62zuXt6X5B6YQOBNFV2eXG,0.406,0.128,0.359,0.191,110.272,-16.983
7K6xMPtAjTuLPNlJMLf5bS,0.613,0.0457,0.937,0.093,99.524,-26.398
2O3l4X1yTua8oMMCtazkyo,0.74,0.231,0.551,0.546,103.994,-18.91
4gMgiXfqyzZLMhsksGmbQV,0.693,0.394,0.0782,0.721,104.114,-15.882
1GEOSS415bZVHNuXWlCT6b,0.578,0.15,0.243,0.12,135.22,-17.335
0ESdtt9cjGZUkUbaubSrv2,0.638,0.0811,0.879,0.0503,109.154,-22.646
5yMyLZu4wPvWcbLFiRhYVM,0.501,0.338,0.187,0.106,95.942,-19.12
3xGJuHvSxFJxxYlHj5BIoT,0.615,0.55,0.0546,0.549,95.488,-13.858
66YHxyGAUGjMBDdrDlWIMD,0.315,0.218,0.305,0.156,175.868,-15.215
3QEWEv1tvHmVgsT5THpGDn,0.324,0.11,0.0847,0.0393,123.534,-19.78
5A7eooPKJHtr0UJmatjH4a,0.653,0.472,0.0554,0.448,102.558,-14.797
0ZXkKRO789QKBR6ME7pIDF,0.472,0.0118,0.783,0.0698,102.949,-31.734
7F02x6EKYIQV3VcTaTm7oN,0.587,0.302,0.223,0.19,112.46,-14.976
5HAjss9faCAowGY8dM24r6,0.307,0.0742,0.72,0.0394,118.682,-27.159
2gTnu5RZNVFVnWdjLnyUA5,0.251,0.148,0.713,0.0569,206.542,-21.056
7FCiDC7ojdm19CJePq6QAe,0.179,0.162,0.678,0.0869,34.821,-22.191
4TUStFzBGQqn0GrkzVWFV4,0.33,0.283,0.575,0.287,157.963,-15.971
5HNCy40Ni5BZJFw1TKzRsC,0.472,0.366,0.15,0.171,127.163,-12.595
077OhUjy58qkjscrXjW696,0.571,0.198,0.435,0.326,129.024,-16.919
2fDHuS1PTkHBbCWWZF1ph9,0.621,0.524,0.0652,0.889,110.586,-15.269
0rE8nugfCMtsC3mzNukV8Z,0.499,0.281,0.859,0.375,111.769,-17.128
2dLzyrwHEEK8umYoOYaSPc,0.58,0.296,0.555,0.582,96.155,-15.875
7xrODhgXFNVsRtKoyt5rJo,0.679,0.519,0.545,0.839,121.41,-13.562
2EaCm5PYjpwuIvRo3ZfEFe,0.596,0.474,0.673,0.73,119.555,-15.004
1qrtIWJwS62EVVv976tYXh,0.647,0.663,0.0663,0.93,129.799,-13.974
1MD5D5cFRKBAwbooPvifjN,0.38,0.211,0.928,0.433,171.614,-21.066
40kj6F2dst12FXtRW7mqOc,0.553,0.0855,0.938,0.428,44.155,-16.887
28q8XYvQtuRtTnkZoKBTB1,0.552,0.207,0.917,0.638,77.474,-16.783
2DATiJtJ75vDhCL59LWhlI,0.511,0.245,0.883,0.65,128.902,-17.549
59n3HqfAMEpFFEAuBQQCOC,0.524,0.238,0.877,0.678,123.56,-16.382
41HOgdemYjFSPffuBMdwzG,0.646,0.613,0.547,0.808,125.218,-13.413
7D5WsIISgiaBTfgubAuU4Z,0.631,0.175,0.718,0.408,83.332,-19.401
0ry355UoTbc3NScBC2F3jA,0.525,0.459,0.386,0.621,125.552,-15.717
49NfiXJHlZoexjMjqWIPQQ,0.497,0.261,0.806,0.556,109.796,-18.28
529UhNRfvKmId4ZL7cvRDm,0.324,0.586,0.532,0.497,78.827,-16.227
7zpS4UzyAsNGxWz0AyRP3b,0.354,0.366,0.666,0.585,111.057,-10.799
4PVhVyr6yFooyyfaHSA3B7,0.381,0.483,0.087,0.422,90.522,-9.183
7odHgoLFi3GQ90E9PeraI3,0.401,0.498,0.394,0.816,181.701,-10.682
6cXz1ntQbcwrCBu6my2kZy,0.357,0.296,0.566,0.311,82.2,-13.167
7IGpCCRB7MO3z4xUgKAjOn,0.548,0.466,0.454,0.646,127.496,-8.894
5bsVqbCNaiHlGZRAlP0aK5,0.371,0.421,0.591,0.363,79.7,-12.079
46o9VJzXa8u3JeEzV0TfV1,0.389,0.421,0.423,0.407,89.063,-10.013
6MUHAvKGAmKXojn8wdFB71,0.281,0.276,0.51,0.238,154.097,-11.752
5cRLeWnjKA8kfQ01WsOH06,0.49,0.241,0.713,0.511,110.959,-14.616
6CAkmqFlO5S3o0QDUuzcYr,0.36,0.439,0.415,0.458,138.351,-10.607
4R1X22ge1UQkaGXV7TZOKx,0.359,0.498,0.37,0.325,85.569,-8.571
6ubBcVcBs1yEyERek9BWW3,0.446,0.448,0.485,0.584,135.14,-7.335
4AE3dRLSuWT4t1cWy5RkHc,0.572,0.691,0.567,0.751,86.124,-7.619
1FJgHdWjvo5zeBdFhBPzh0,0.547,0.569,0.7,0.705,108.081,-7.557
33aoEXdg3hwMx381Zaz6dn,0.616,0.494,0.754,0.852,117.088,-7.751
1O7an6GdUrgkD9bbXOFrAe,0.635,0.52,0.631,0.859,85.779,-9.246
2wdtxSMYwP8UB7fU2RgJmh,0.461,0.372,0.597,0.61,81.271,-12.761
5PaKE0ZfmVjqX7INuOi0l6,0.378,0.561,0.586,0.359,140.296,-8.835
28KkAfuknglTTJ7hOPqdRd,0.491,0.298,0.68,0.616,105.149,-15.74
3lstV5iyVHuOJ8c8RsbRcs,0.641,0.699,0.357,0.909,83.035,-8.334
0n2pjCIMKwHSXoYfEbYMfX,0.519,0.46,0.823,0.675,132.082,-14.53
0x3jYUWbnbygky6JSnoSpX,0.5,0.446,0.209,0.64,92.513,-13.55
647D8WS57rPpIM1AXXHpHJ,0.264,0.164,0.921,0.0699,122.018,-17.034
1nsoufODs1GSaPI9oV9X6T,0.652,0.604,0.387,0.789,103.955,-13.728
57OXk0inzVWWphdygquXIy,0.478,0.367,0.801,0.389,113.021,-15.837
4N0TP4Rmj6QQezWV88ARNJ,0.611,0.578,0.0598,0.884,100.625,-14.171
5EQlqS41fwTJE40wtF1NGk,0.59,0.327,0.527,0.677,104.177,-14.561
65qWooYTj0dq5HzoV6P9Kt,0.428,0.374,0.343,0.132,72.049,-14.845
5clXTCt9oU6WTo83zfTFzI,0.588,0.271,0.724,0.351,111.488,-15.762
4P3R9J5VGPyAPx9T6ZXAcF,0.441,0.441,0.374,0.182,123.736,-13.361
5NERbS7923kF471NLKDZkB,0.403,0.764,0.0221,0.196,138.725,-8.554
1L9fzw2pXprOqtemTwtxXF,0.602,0.536,0.183,0.506,124.558,-9.74
5Wj1rJnCLpMHdLaxsFtJLs,0.665,0.673,0.259,0.779,132.642,-7.95
4IRHwIZHzlHT1FQpRa5RdE,0.559,0.473,0.446,0.397,121.227,-7.712
4oXPKd1nCTONb2O9NEWjUn,0.422,0.442,0.839,0.179,107.341,-8.228
6sGjJmzgxvfNqLyp8yd0TH,0.452,0.913,0.0142,0.449,135.867,-6.841
5uyAeakIkHyTSW88uCD0M4,0.753,0.732,0.000728,0.951,134.066,-8.828
3kiUD1IZ5icXuyKI1Rwh8j,0.505,0.459,0.317,0.299,114.07,-8.684
7sGL3k2M6FiWFP9x83wiLA,0.612,0.382,0.358,0.547,117.302,-11.563
6376udcVByOCGHmiJ9kijq,0.495,0.661,0.402,0.669,79.9,-9.645
7L1d7xwCkOZRQ5yMluNNB3,0.728,0.881,0.15,0.878,132.019,-6.518
4gad1qhsqNL63n9OyCDsjL,0.533,0.826,0.0208,0.531,88.934,-9.246
2fYxpSFhg95sBwaGp5JlFU,0.464,0.972,0.0111,0.91,95.407,-6.887
12yHvSYFXI7PGzNecUvIDu,0.513,0.979,0.0195,0.94,152.875,-6.362
6DlqxXju2H2mb0NcwgAFRM,0.531,0.453,0.239,0.351,121.058,-9.117
0Gvc5Ii3duAifGy2QaFDVt,0.352,0.79,0.223,0.812,190.692,-7.294
3U05P1UcqaOFHlaZ0Wk8d7,0.566,0.466,0.187,0.426,132.54,-9.065
7w9UuIaDrfyey4dV3AbwGW,0.642,0.406,0.675,0.892,126.585,-13.532
1VXnOQt6mNkPOAvpO8h9cH,0.68,0.267,0.851,0.609,148.583,-13.711
0StTksYPERabfdS9CQxjTA,0.602,0.356,0.0227,0.522,128.702,-15.272
5g9x0nP4dnUSvti8OMyDyX,0.726,0.137,0.466,0.541,135.406,-17.468
5v47PLSLTSBCar6eL79qU6,0.808,0.421,0.718,0.882,96.216,-14.516
1plvLGOTbq900mzMhbtRpB,0.541,0.456,0.368,0.701,96.611,-12.252
74X3wlWiB3JI7KHWwDE0DW,0.614,0.4,0.59,0.808,136.609,-14.822
3bzqeZ18r77NbrQDZkC5xd,0.584,0.227,0.139,0.78,116.717,-15.531
2gZDzVzK9JbWsOrIzUliD4,0.616,0.282,0.622,0.816,150.893,-12.655
4y9gjmo9hQogrqes8eMFQ5,0.616,0.568,0.753,0.822,130.862,-13.018
6QKoYmaw7qV9RIwqoI2NYP,0.67,0.175,0.806,0.863,115.152,-16.68
41ktjXesjURYR908pGvUiC,0.625,0.41,0.163,0.896,136.006,-14.03
2wAulLFaG1xNF8IUMYIhUh,0.717,0.46,0.407,0.918,124.319,-13.122
7fEulNFk2bigUQhmfYoSCi,0.556,0.582,0.466,0.932,159.551,-11.734
3WKh4fFDbb5zr0ixuh5tos,0.638,0.178,0.507,0.49,105.59,-15.092
4IksTHnAayenA45s411Dr1,0.315,0.084,0.806,0.341,83.251,-21.279
1ZWNyXJ79YHsnJQ73Dw0kd,0.584,0.454,0.632,0.967,141.684,-12.38
2OkBGZr3g5LFdFqn4QuFQE,0.64,0.581,0.029,0.85,104.928,-12.17
0FgHaSMa3uZXfSbq4hT9Bl,0.543,0.942,0.0767,0.895,95.572,-10.858
1lYSiyoh32OINo0fOBQTHr,0.541,0.612,0.133,0.951,121.919,-11.762
0Mur5jhkaTCaSbLZgx5fb3,0.722,0.332,0.958,0.928,83.304,-12.25
0hyejWewcc3twfGnfEqgRZ,0.52,0.24,0.894,0.766,154.144,-14.233
4RZFpgo4VzBjH5g7XCHo2l,0.776,0.197,0.95,0.689,126.236,-13.308
3H9MP7dozg98mzIM5B0QwK,0.498,0.125,0.968,0.565,142.626,-15.874
5R6K9DrJHgVhE31KA2ERZ7,0.754,0.322,0.899,0.848,140.594,-14.274
3nJoGzZbNOWdQsai7o9kwu,0.662,0.277,0.903,0.525,129.549,-14.348
6RSKgOmVA3TM90OHMk8oCM,0.601,0.171,0.95,0.477,132.895,-16.529
3j7WmaXlAx221s5dixB6He,0.65,0.266,0.858,0.893,146.119,-15.23
0QzlD9ie99w8XiaZ3SMXMI,0.683,0.13,0.89,0.518,111.279,-15.656
0mqTlKIlZ3HH7X80o1XApG,0.674,0.196,0.836,0.82,147.082,-15.084
0AwKnorWl9zYIqFRBSMvSu,0.71,0.249,0.909,0.738,122.59,-14.288
5iRzVbN1poSomi80iLcROz,0.636,0.14,0.81,0.636,135.284,-16.024
3u4QCWCMvQzkobZmwR9i2N,0.773,0.244,0.67,0.948,140.306,-14.711
0fdUv0Rrwr64N8G1x2u0aX,0.674,0.191,0.855,0.612,126.052,-15.993
3bQpVByzsvSNA1Qmgaypl1,0.631,0.0653,0.861,0.656,125.489,-17.437
02u8S4pSK98no24rCn6zvi,0.699,0.192,0.863,0.847,75.555,-15.536
4hx7B8TCMXljgRhQgboyFf,0.714,0.236,0.831,0.956,140.578,-14.12
1l5WwxtivtUrg1SCHYzFls,0.575,0.0767,0.937,0.401,113.404,-17.308
747U01tok8k2zbjYCXqKND,0.746,0.258,0.827,0.728,169.681,-14.983
26YRPe7jYJhxplVMn1yfU3,0.788,0.255,0.87,0.933,95.623,-13.857
7eEp1mm5xRfPMpilLFUKwX,0.446,0.52,0.491,0.33,84.601,-10.279
15tLhnzO4o8fMOEjdZGfII,0.351,0.514,0.521,0.172,99.133,-9.092
2W195plKmSrcoXops3ZjxN,0.448,0.77,0.11,0.415,111.389,-8.46
2bGs2tuqoThglpGFBWmXoz,0.331,0.675,0.426,0.432,111.845,-9.773
0n8sBhOtUb6pDFKjpxfakj,0.527,0.522,0.259,0.605,118.811,-9.922
1NC8eNwaKmJs8IvSBQEU38,0.252,0.307,0.538,0.0796,135.95,-9.268
7DpXEh9OAJ90AxIiBMr6Gt,0.368,0.231,0.545,0.0758,124.239,-14.015
3P0VltjBDpzJeFFHVpF0nK,0.483,0.617,0.0557,0.185,118.105,-10.488
0gH9pmlL8dGiXb1DyC08SC,0.519,0.42,0.362,0.145,115.474,-11.286
2EJo2k8xmQsA3E5VwTta7I,0.6,0.421,0.167,0.183,78.469,-9.676
79I2QsiBddxxjhWNU7EYNH,0.437,0.649,0.0197,0.362,131.231,-10.262
0Ly4wvpmDlFjh0h2CsmpVh,0.513,0.455,0.461,0.0366,140.41,-13.004
1r2kOFHLnTCdizctXDH3On,0.743,0.455,0.176,0.451,112.524,-9.633
1WggjG5H91qHvt2sS7NT8c,0.479,0.566,0.142,0.484,109.785,-9.516
0sLfxEt1uo2Q0qCNC3CwRp,0.559,0.635,0.208,0.214,112.934,-10.103
4rsxuPgzQGwaumPAVKW6qD,0.564,0.573,0.237,0.311,119.357,-10.99
5xCS1F6o2OXzu5fiPHnFaN,0.452,0.473,0.329,0.0691,134.642,-14.875
7G7xkB6rbJONVwXwd0UaIx,0.551,0.399,0.0291,0.234,132.833,-9.068
0YX1KQpkI2Y2jFbYhhkASg,0.577,0.391,0.778,0.907,112.968,-10.81
6LbbHFEajG9e4m0G3L47c4,0.543,0.715,0.0192,0.468,124.011,-8.89
6l0j8z0ronFPuta5ywXdE9,0.812,0.319,0.675,0.975,90.098,-10.956
4k6ejdRv0n3jsXnwdW42t7,0.347,0.586,0.157,0.495,208.651,-8.057
0HLIhUYvZdxemJ5vHJsSBy,0.632,0.366,0.297,0.882,125.714,-10.555
4TPVkE5RfBquAWWepS4ieM,0.66,0.659,0.0153,0.226,102.538,-8.743
3PYnaAsicdQPk2mkdRdYz7,0.656,0.57,0.27,0.495,128.302,-8.424
1tYhZjz0e6Ar9RTcJfLy8S,0.0,0.459,0.202,0.0,0.0,-7.793
5FUkpnewHKPq2rm4OoYQ2e,0.693,0.611,0.0553,0.649,97.963,-9.72
18GiV1BaXzPVYpp9rmOg0E,0.38,0.0993,0.914,0.44,174.874,-20.567
739sLmfUkVFoyPtb0C3263,0.538,0.115,0.883,0.312,102.296,-19.536
7xVpkVkd1klTzLJEysIR7z,0.556,0.273,0.613,0.692,166.064,-15.973
7fzLfsWsXVvStzsk9yRfbG,0.473,0.138,0.66,0.416,137.679,-21.116
1xa66kvw6zwboiW7c8W9t8,0.533,0.179,0.784,0.851,124.594,-18.796
7ny2ATvjtKszCpLpfsGnVQ,0.567,0.198,0.919,0.321,92.467,-18.681
2WOjLF83vqjit2Zh4B69V3,0.6,0.243,0.89,0.468,110.535,-17.085
4MNxOR2Fu4NqJ892UdYx0h,0.48,0.247,0.747,0.422,109.646,-15.929
7Ay1lHxhuM33NoXKsS0iom,0.658,0.218,0.876,0.632,106.73,-17.302
0ePDsEDDIPZNpbwRUEXKoX,0.566,0.219,0.781,0.718,115.861,-16.813
1L4RtuEiAiwdX5taX4meLI,0.667,0.209,0.847,0.685,95.311,-16.915
71XTdtW3bvmIrotG8yYVMS,0.545,0.525,0.839,0.947,119.29,-12.606
0D7qLnnev1iKpH5RNT7YsD,0.64,0.314,0.86,0.798,100.552,-12.88
1SnTzsiSyLSbdO0DHVIZOw,0.421,0.58,0.264,0.397,129.961,-7.029
4VFj21kcHfY3WV7SY1nLwT,0.597,0.384,0.916,0.697,141.236,-7.727
2eofYmn03YNNeZWTkwiUdZ,0.464,0.481,0.628,0.316,120.625,-8.26
1cAkJ4MvHa4fUSRjmwKipD,0.473,0.486,0.883,0.373,72.949,-9.526
03T5YT17W96jloFaVwE5sH,0.379,0.391,0.717,0.199,136.369,-8.863
5kFJGnwtNc0HJrHXULLf2H,0.329,0.685,0.268,0.183,100.657,-5.105
5kUpXlNkHR7luXSk7eyOLH,0.347,0.432,0.936,0.257,63.792,-9.202
5jkXNftGjVvcB1xZS0LY85,0.577,0.515,0.403,0.579,129.846,-8.587
560OsnDa7tpsK2B0krVlOP,0.524,0.424,0.626,0.534,97.283,-7.491
2WzVp9FbDOpR6srCbAOnog,0.315,0.307,0.937,0.247,116.65,-8.619
5NwLE5HEn4bVt5USnZfrvU,0.521,0.811,0.535,0.878,125.346,-4.782
6hleUCx3E4gB2urwRvx1QT,0.536,0.696,0.134,0.683,117.179,-6.818
0Hsc0sIaxOxXBZbT3ms2oj,0.29,0.0874,0.856,0.0734,114.997,-16.119
2LuKtTtotMk41MxesmjCdR,0.343,0.0859,0.823,0.233,130.762,-17.067
0nyElOCpUSqLyzg1cD6dQe,0.502,0.0342,0.902,0.284,126.754,-17.64
1HauTmjjJwBoSGQZc1mBs3,0.206,0.0611,0.8,0.129,87.635,-20.375
0uPvnhU6hNx8O4M79x8hyN,0.25,0.0653,0.937,0.193,87.414,-18.691
0j1UxPCe71DJKqPf0I4gnp,0.238,0.097,0.834,0.0762,96.803,-17.153
4AQB49A23jczbliZt3hecP,0.494,0.0504,0.912,0.208,104.52,-16.794
7MArMyd4wBWp26BbVKIVTt,0.188,0.0661,0.861,0.0749,175.998,-17.54
2t8g0EVWMHXQCVlVGOoD9I,0.277,0.135,0.86,0.115,118.248,-16.009
1B2TpaqiSZq4tUb6Yw2Nbs,0.234,0.0976,0.845,0.0585,110.127,-15.809
4G45Px24nxqufkD3C9oka1,0.411,0.03,0.946,0.209,73.19,-17.979
32hDx1cqvT0xH4sZmFpOy6,0.331,0.0967,0.904,0.111,66.541,-16.826
0qOfjIfB4VQk7DwNcxngcd,0.187,0.109,0.966,0.231,177.865,-17.916
5ULYx08qqXmqtJZxihEh6p,0.439,0.0926,0.921,0.264,134.892,-15.841
5YPX6eqYX5RGOkINOENFlT,0.217,0.15,0.975,0.152,91.761,-15.529
50nTFflqRL8dchBcvHC5rh,0.138,0.149,0.822,0.135,74.387,-15.801
62nYkaIBesfvQSSwTjPnYS,0.375,0.448,0.106,0.564,88.371,-14.06
7AAR1uYiqJ3z7aDi8KboqK,0.354,0.566,0.0118,0.366,133.989,-13.788
1SqetdO8Ib2vqbQASpM23S,0.366,0.363,0.0595,0.496,83.807,-14.64
7xF61dJ6ZU7nasaLUCTxdi,0.29,0.427,0.396,0.514,90.975,-14.328
3nIlHQIJAyBtUfialns8tk,0.41,0.542,0.00703,0.489,121.748,-11.967
5v2Hwf7w2j4Xpy8kdRgpK2,0.344,0.472,0.404,0.46,109.87,-13.616
2nZhrWtQm8NKEF7MWpPSl0,0.13,0.674,0.0864,0.497,182.161,-9.644
1Ld5xyyqkZCRQAmlyuHoQk,0.498,0.564,0.234,0.666,129.761,-12.299
3YJUHrWpfQjgqReHFxzKte,0.33,0.874,0.331,0.209,141.007,-10.317
5UCSVXqaP7yv38ZtS6Iu4X,0.356,0.561,0.0313,0.34,135.593,-11.797
11RuqNiPXDGjRvu8cw2TPO,0.35,0.797,0.00756,0.469,140.903,-18.691
6QvVTzCv70hwn4XyRnobGi,0.434,0.458,0.261,0.547,146.768,-11.457
6I1pxB8X2Fu4HFjo5Bgwor,0.512,0.403,0.419,0.395,111.227,-12.551
0V2dEdN7vtaoIiR4MKY2vR,0.432,0.521,0.644,0.454,86.002,-13.431
6je0YNzNoeqXpKpTaL98Hu,0.514,0.307,0.403,0.207,92.265,-12.92
2kHsFZZipGAI168yh21B0p,0.598,0.187,0.643,0.399,93.216,-15.57
5cAwEKmadsW4nCYe9QUvgU,0.292,0.012,0.905,0.133,170.106,-21.638
1Z6Yxm3WpEJRkE0tGLr31y,0.484,0.486,0.276,0.532,130.924,-12.561
17PXXzOygMyXXUNLngVN5u,0.539,0.114,0.882,0.608,141.378,-20.575
5VzGCjWLJtnfLzz8a6uHSS,0.582,0.0565,0.839,0.542,148.116,-20.772
1wluZWSTbISDzbuaV3KNzd,0.813,0.0988,0.719,0.531,120.292,-21.277
5VRfEb2UQu0arhEnGEYxDr,0.548,0.266,0.772,0.552,109.09,-15.024
2OBaVeRFXblWxoZHC4sryf,0.52,0.297,0.753,0.677,156.059,-17.211
0bJVWLFiMMCstMfEFsp4QU,0.574,0.107,0.844,0.665,117.515,-19.63
1oht5GevPN9t1T3kG1m1GO,0.597,0.271,0.766,0.338,76.271,-17.293
6N3z0CqnHGpPgZoEfSakqf,0.709,0.294,0.836,0.458,107.983,-18.108
4G9b4sc68Sx0mIdEO59VMM,0.617,0.339,0.669,0.582,95.471,-15.042
3oIO9p1JREoHLDwLWOwYhN,0.612,0.131,0.878,0.663,96.723,-21.692
6zoY7o6r2cVgfCBw1zn3qp,0.611,0.417,0.37,0.692,118.376,-13.108
3saaUbHczs552UlHMDV2E4,0.562,0.523,0.716,0.968,95.233,-10.502
6LahUh0U4umx6hDFfVWlGi,0.231,0.284,0.881,0.369,70.679,-12.178
7M3aeKwfrmJm9J6btGKo6j,0.414,0.271,0.804,0.65,87.944,-11.833
03BwJtnWJj6WFps8aBEFLQ,0.308,0.184,0.94,0.16,67.492,-16.608
20DKoFPtspjSQF8Fbgpa0L,0.503,0.492,0.79,0.767,125.972,-12.724
4s17d1GNitCCI205nblMy9,0.163,0.208,0.707,0.282,84.427,-15.01
53xLk1LuatzqCGHer69FSr,0.294,0.281,0.885,0.319,81.682,-15.359
462AEvpklx6OQfii3zZAzE,0.702,0.115,0.948,0.52,82.568,-17.284
6xja1Uhi1js2nN8NsnbsLo,0.272,0.246,0.866,0.44,90.866,-13.702
5fnlUDWCW3wgoiaCjyfakI,0.454,0.157,0.968,0.49,73.481,-13.607
79nJj5dMyTsUzKvN5jUXsJ,0.31,0.279,0.815,0.377,79.397,-13.552
1K6r06jPiCZ5CSwTnU2nPC,0.415,0.654,0.758,0.895,179.145,-9.554
1VCpk2RhA2ZYVnKEf6hMXg,0.483,0.295,0.684,0.651,63.171,-16.4
6dfpIWYTtvZa1hvvPBOajN,0.285,0.0722,0.972,0.203,78.047,-19.967
3a8oo32JfySLkaL7LwIseU,0.435,0.253,0.93,0.56,92.221,-13.578
7E5hbDjQQPN3gwxI74W35l,0.533,0.479,0.898,0.958,125.13,-12.958
0i2FThXohzb2X1yxxSptQ8,0.277,0.0884,0.982,0.257,84.634,-18.727
2p5NTyJCHR1iNwrqppG3um,0.599,0.469,0.795,0.965,127.203,-13.356
3FQWctzZxGRaIbzX6YDNPB,0.435,0.131,0.859,0.447,102.975,-11.274
74jQmQ4Z6ETuF1SJ3NRNBM,0.306,0.191,0.821,0.276,80.439,-13.945
2GMujhtXaUVaSNbcTSGQ8m,0.384,0.95,0.000132,0.865,185.151,-1.818
2HZGsnMByx3V8KmNW6LqWF,0.426,0.921,0.000793,0.895,187.415,-2.469
1wH6pi7gVjcpWbPMBBymfy,0.501,0.872,0.0664,0.255,118.591,-1.837
4uzPxs470SU1STUPLJZtP1,0.412,0.869,0.000656,0.972,182.766,-3.154
3fKKBZ6oHb4jH41mHShcBO,0.511,0.867,0.0348,0.818,135.574,-2.527
61MZN0yyMWSEwrLPUUGfgJ,0.42,0.965,0.0981,0.846,176.243,-1.986
0mdK3JX6alyYa5jMrgSiip,0.378,0.972,0.00139,0.96,184.609,-2.987
6rtYb4BGOlLvcy76N8yFbw,0.494,0.849,0.00092,0.97,184.666,-2.306
1jvzmNw7sVTSDnprPuEi0D,0.366,0.889,6.72e-05,0.916,181.743,-2.408
0n2AFRt8NnS3ATlXhnoO49,0.609,0.939,0.0108,0.939,130.865,-1.476
2IqSiva0K7SwHAWAoDHR0p,0.416,0.946,0.000538,0.953,184.587,-3.65
1FoEX9nPtFfq7jMyOgQ2pL,0.51,0.907,0.018,0.832,142.233,-2.387
3GgYsEaTyCeTH3e5JyEyXf,0.444,0.983,0.0867,0.869,193.871,-2.409
1vf6ReZm52DkH3yhpDptWx,0.434,0.877,0.000459,0.926,187.356,-4.016
4v75249Jox8qvmJVwAJRev,0.34,0.928,7.24e-05,0.549,186.742,-3.093
4QNcIoDVAwS56uvmuEEL3A,0.283,0.958,0.00046,0.771,188.961,-2.488
3PBbdW18UGyideU6vB9i6X,0.568,0.839,0.0186,0.425,119.475,-2.773
3ZyZ1DP7pqcgBHbguQtFst,0.221,0.977,0.000812,0.716,183.518,-2.812
3ZJrEGDOQ2AG2ovyQlgnNC,0.585,0.839,0.00417,0.799,123.486,-4.029
0lUILZZzwPTiI4V4i201De,0.434,0.885,2.63e-05,0.708,138.38,-3.61
3DsUPZmxaFtej5i7GeSQqi,0.52,0.486,0.871,0.682,100.847,-9.237
4wsc7iglNffghS5xKDJxqu,0.401,0.362,0.846,0.519,84.695,-10.194
0BFEyqJ9DJXS7gKg0Kj46R,0.553,0.291,0.878,0.407,96.217,-10.426
4ksfrsQSVrP0DYdMyMXYxN,0.737,0.436,0.777,0.841,112.301,-12.248
6wr7OJQS5J5kGXGm5jZCi0,0.423,0.436,0.743,0.683,90.825,-10.111
3yMIZr12N3iOWP0AN8Tia9,0.559,0.567,0.741,0.894,137.462,-8.255
7jwPDFG5HxM5G1Q5Mmw855,0.688,0.668,0.766,0.893,134.042,-8.955
3SnGhXZqnjymbEZuPbHfjW,0.763,0.684,0.68,0.918,127.049,-8.075
5yaIml8PCazYHOeiUTvzoc,0.65,0.299,0.905,0.685,95.567,-12.277
4UD07NwOyei11knunWfPJB,0.469,0.326,0.807,0.617,97.38,-11.327
2ib1IMnHzjMtB7k6WkMcGv,0.527,0.429,0.392,0.786,99.763,-9.933
6VqVieqjDEwS3mByMq4OzB,0.474,0.478,0.484,0.831,120.326,-8.951
5Fih0qlqrBjPIE0dFamuBr,0.763,0.571,0.529,0.936,128.211,-10.552
7v7NjssrHUYWQcAtT29qu9,0.701,0.748,0.703,0.931,131.889,-9.286
5blqPmozIU2vhHN7vbBKxk,0.653,0.319,0.722,0.402,120.647,-12.205
2Jiy1soBkPkbt62V9iqz9e,0.433,0.573,0.39,0.77,92.671,-8.217
4yjz1aazw6R8ZURpGbCAkp,0.482,0.569,0.617,0.609,70.843,-5.897
2wMoTrnS0xlNBA74TsWsiz,0.347,0.473,0.541,0.467,64.684,-7.649
5DDmne2Ia9bfDdXklCOVjl,0.6,0.577,0.696,0.961,127.379,-9.984
6SlKb345GYqrJSvxoT2WCs,0.628,0.55,0.722,0.946,116.382,-10.866
0LrwgdLsFaWh9VXIjBRe8t,0.559,0.308,0.505,0.414,113.633,-11.75
7Js4OF5MUb2bqJe09g4uQE,0.557,0.277,0.797,0.248,76.328,-9.92
76CfWxdNh9k5ssABTxlmMJ,0.542,0.0229,0.963,0.171,116.264,-24.515
3ZE3wv8V3w2T2f7nOCjV0N,0.445,0.384,0.635,0.216,123.295,-14.642
1w3W1hz6xVUSWkbh0paMgs,0.606,0.278,0.501,0.694,127.163,-17.746
63PgfGFgAZUEzwGouciEC5,0.422,0.245,0.344,0.329,117.347,-17.091
1p4krvaKEJWr3ou3D5IZQy,0.401,0.156,0.811,0.502,156.742,-18.92
0SfYZJSWk4h00yzheOgeIQ,0.544,0.449,0.168,0.412,84.084,-16.498
3rpuor3iDjfx0yOcSfE63v,0.421,0.459,0.167,0.642,139.299,-15.411
2RDXq7AwoEpvrjsXe4zlUc,0.599,0.637,0.0248,0.968,137.171,-13.083
0sJXU4olfMR2SvULxarpoW,0.533,0.102,0.38,0.189,119.79,-21.74
63T7DJ1AFDD6Bn8VzG6JE8,0.464,0.795,0.0493,0.612,158.691,-9.267
3hloNY7y2r53Cm3zkR7kZV,0.694,0.802,0.173,0.903,130.879,-11.918
19kAUW6NMzgDHKT19s7782,0.6,0.303,0.516,0.31,102.998,-16.408
5lmGgOaixbwKHtpTzjJoqx,0.732,0.494,0.299,0.799,126.986,-13.571
0l49BLiXUhHD2A92ONuQ7k,0.544,0.812,0.516,0.783,123.269,-11.191
3075GFD8j1WFyF1pUGbAuh,0.612,0.603,0.00507,0.606,133.038,-12.08
1OBlQXdm2yQ2AjtpDhM7yc,0.564,0.664,0.0577,0.868,134.068,-11.224
6EePCjbtiMeb783pduiEJK,0.552,0.489,0.0492,0.754,114.052,-13.629
5Z7Xad6ghivPVONXAJFcst,0.644,0.824,0.686,0.822,135.595,-11.15
0JuW3zVUYjyW5BbtXq2to6,0.63,0.396,0.572,0.604,88.699,-14.73
2aVmwPRiY1DQMPpudL6wuF,0.5,0.519,0.0677,0.472,130.685,-13.094
1rJi8cf8OWsrX4CqBnMSoQ,0.441,0.568,0.326,0.721,130.131,-8.833
3cw3Z7mS55gd3NUjh4k0bL,0.619,0.637,0.015,0.936,105.205,-7.369
1o6DclZHw0HomxXEQR1ijX,0.494,0.735,0.00401,0.742,132.526,-8.347
2YyONIkw0mFNHKRVkbjJI8,0.656,0.683,0.225,0.963,129.216,-8.512
5HsAR5wajzn4JideTD4SXs,0.355,0.34,0.284,0.19,80.273,-11.488
0OibK8JtYlVGjWtYsw94pT,0.564,0.909,0.00134,0.896,134.457,-7.621
0QcCTtkuZHE2dUMTz1yoAr,0.428,0.782,0.193,0.731,82.937,-8.04
3AFImoxgt7EmXHgpaGLbLt,0.424,0.289,0.0619,0.335,77.941,-12.063
60ZyiL4lmWzZyGfqyECTqp,0.624,0.774,0.096,0.917,117.006,-10.391
